Date,Symbol,Series,Prev Close,Open,High,Low,Last,Close,VWAP,Volume,Turnover,Trades,Deliverable Volume,%Deliverble
2019-01-30,INFY,EQ,727.9,727.9,734.8,721.1,724.3,725.9,726.45,5763026,418655619195000.0,125751,3267862,0.5670000000000001
2019-01-31,INFY,EQ,725.9,726.0,751.3,726.0,750.0,749.55,744.47,13825233,1029242393485000.0,265809,8145259,0.5892000000000001
2019-02-01,INFY,EQ,749.55,751.35,762.5,744.5,756.7,757.05,753.37,6276585,472860832200000.0,119145,2274954,0.3625
2019-02-04,INFY,EQ,757.05,757.0,762.5,749.2,755.9,755.9,754.39,3945391,297636189665000.0,110537,1894178,0.48009999999999997
2019-02-05,INFY,EQ,755.9,747.0,759.95,747.0,755.0,754.85,753.48,4694366,353709484265000.0,98651,2610466,0.5561
2019-02-06,INFY,EQ,754.85,755.55,766.95,754.35,763.75,763.3,762.75,5880482,448536073514999.94,150791,3188901,0.5423
2019-02-07,INFY,EQ,763.3,763.05,769.45,761.0,763.0,764.0,766.2,3961797,303552237845000.0,102039,2154773,0.5439
2019-02-08,INFY,EQ,764.0,760.0,772.25,754.9,760.9,760.9,763.4,5915169,451562594430000.0,92824,2722938,0.46030000000000004
2019-02-11,INFY,EQ,760.9,766.9,768.75,759.0,760.45,762.8,764.82,5500216,420665329600000.0,101154,3149841,0.5727000000000001
2019-02-12,INFY,EQ,762.8,760.35,760.35,741.0,750.4,750.45,748.38,7310690,547118924060000.06,148513,3259568,0.4459
2019-02-13,INFY,EQ,750.45,750.1,759.7,743.65,754.0,754.9,753.01,5050182,380282136755000.0,133702,2418277,0.47880000000000006
2019-02-14,INFY,EQ,754.9,751.0,753.0,737.25,740.35,740.05,745.6,4610535,343761136995000.0,113149,2466085,0.5349
2019-02-15,INFY,EQ,740.05,742.3,746.5,732.6,742.05,741.95,739.44,5586389,413079566645000.0,93850,2900003,0.5191
2019-02-18,INFY,EQ,741.95,742.35,747.65,736.0,741.0,741.05,739.9,5346825,395611214795000.0,105532,3060004,0.5723
2019-02-19,INFY,EQ,741.05,739.1,740.55,721.3,724.0,724.3,726.7,9401334,683194083090000.0,124664,4041288,0.4299
2019-02-20,INFY,EQ,724.3,727.0,743.0,726.05,740.55,740.7,734.78,5210675,382868648605000.0,130965,2558375,0.49100000000000005
2019-02-21,INFY,EQ,740.7,738.0,738.0,727.1,734.0,733.45,732.23,7202786,527409739860000.06,151794,4504900,0.6254
2019-02-22,INFY,EQ,733.45,732.5,738.2,728.0,734.9,734.95,733.71,3750833,275204171300000.0,99246,1775166,0.4733
2019-02-25,INFY,EQ,734.95,735.55,758.0,735.55,755.0,754.9,749.2,6547552,490541391805000.0,155205,3296211,0.5034000000000001
2019-02-26,INFY,EQ,754.9,748.6,752.6,740.15,741.55,742.5,745.77,8319610,620452171405000.0,188778,5101741,0.6132
2019-02-27,INFY,EQ,742.5,745.0,746.4,732.75,734.5,735.25,738.56,5936354,438432458020000.0,181469,3554571,0.5988
2019-02-28,INFY,EQ,735.25,738.7,742.4,732.3,734.7,734.3,735.59,8559921,629661971360000.0,142436,4612032,0.5388000000000001
2019-03-01,INFY,EQ,734.3,735.5,743.4,735.5,741.8,741.9,740.0,3998826,295911594015000.0,86883,2141670,0.5356000000000001
2019-03-05,INFY,EQ,741.9,740.5,742.5,730.25,732.75,732.5,734.79,4826505,354646435400000.0,187167,2953053,0.6118
2019-03-06,INFY,EQ,732.5,736.1,736.1,727.0,732.25,732.5,732.02,6076668,444825445945000.0,201307,3216638,0.5293
2019-03-07,INFY,EQ,732.5,734.0,734.5,720.55,723.3,722.95,724.84,5951551,431390654950000.0,132988,3097595,0.5205
2019-03-08,INFY,EQ,722.95,722.95,722.95,710.65,713.2,712.35,714.77,7193994,514202317155000.0,154378,3414734,0.4747
2019-03-11,INFY,EQ,712.35,713.3,718.5,709.4,711.05,711.25,712.07,9932198,707239815050000.0,173911,6593102,0.6638
2019-03-12,INFY,EQ,711.25,709.0,714.95,705.6,706.75,706.95,708.99,11997387,850597796695000.0,224748,8806754,0.7341
2019-03-13,INFY,EQ,706.95,710.0,718.6,706.3,709.0,708.45,710.81,11348867,806689361650000.0,183506,5754904,0.5071
2019-03-14,INFY,EQ,708.45,714.0,714.9,706.2,708.45,708.35,710.02,6415187,455491114075000.0,158840,3794127,0.5914
2019-03-15,INFY,EQ,708.35,712.0,723.75,709.6,720.0,718.55,717.57,14638664,1050420779475000.0,174230,9286884,0.6344
2019-03-18,INFY,EQ,718.55,721.55,723.7,705.35,709.5,710.2,715.0,8065544,576688463240000.0,169894,4656010,0.5773
2019-03-19,INFY,EQ,710.2,712.8,726.5,707.4,725.9,722.25,715.22,8917337,637789794145000.0,165399,5704607,0.6397
2019-03-20,INFY,EQ,722.25,727.25,742.3,727.15,737.8,738.95,737.53,13471173,993536827645000.1,368666,6929551,0.5144
2019-03-22,INFY,EQ,738.95,745.0,746.35,732.3,745.0,743.1,741.4,8883260,658600978270000.0,186950,5182729,0.5834
2019-03-25,INFY,EQ,743.1,742.4,742.4,730.55,733.95,735.25,735.24,7644966,562090795485000.06,150353,4078146,0.5334000000000001
2019-03-26,INFY,EQ,735.25,735.25,735.25,719.1,727.8,727.75,724.65,9406261,681622109510000.0,220918,5868934,0.6239
2019-03-27,INFY,EQ,727.75,730.0,732.3,727.15,728.9,729.7,730.32,7387487,539519992075000.0,122789,5505910,0.7453000000000001
2019-03-28,INFY,EQ,729.7,730.0,745.0,730.0,739.1,737.8,739.73,9277241,686261674060000.0,187881,5521081,0.5951
2019-03-29,INFY,EQ,737.8,743.9,747.95,740.0,742.15,743.85,743.49,6924061,514799115400000.0,155083,4592403,0.6633
2019-04-01,INFY,EQ,743.85,742.0,760.0,742.0,753.75,755.1,754.32,6584982,496719955950000.0,149150,3788889,0.5754
2019-04-02,INFY,EQ,755.1,759.0,765.8,754.6,755.0,759.4,760.56,7283600,553962514255000.0,169885,4249666,0.5835
2019-04-03,INFY,EQ,759.4,756.0,758.5,746.8,751.65,753.3,752.48,6897127,518995576145000.0,200625,4213270,0.6109
2019-04-04,INFY,EQ,753.3,751.4,753.8,745.1,748.95,747.9,748.43,7688525,575434563250000.0,178872,5138276,0.6683
2019-04-05,INFY,EQ,747.9,750.9,760.95,748.0,759.55,759.3,758.69,6276040,476157637270000.0,148065,3851738,0.6137
2019-04-08,INFY,EQ,759.3,763.05,770.0,755.4,769.15,767.25,762.8,4919911,375291022370000.0,143815,2380635,0.4839
2019-04-09,INFY,EQ,767.25,770.0,773.0,758.2,760.8,760.6,765.16,6730692,515008773470000.0,146107,3353329,0.49820000000000003
2019-04-10,INFY,EQ,760.6,764.0,766.7,751.3,752.85,752.7,759.53,7031088,534033651075000.0,134089,4201714,0.5976
2019-04-11,INFY,EQ,752.7,751.75,751.75,740.05,743.4,742.7,744.27,8200995,610373444310000.0,158348,5047043,0.6154000000000001
2019-04-12,INFY,EQ,742.7,743.1,751.55,740.6,748.0,747.75,746.82,7043212,526002136064999.94,165165,2587611,0.3674
2019-04-15,INFY,EQ,747.75,724.7,731.35,712.6,728.2,727.5,724.58,31574803,2287862820735000.0,566543,16753549,0.5306000000000001
2019-04-16,INFY,EQ,727.5,727.9,727.9,714.1,724.0,724.1,722.4,12524411,904764670550000.0,343101,7260034,0.5797
2019-04-18,INFY,EQ,724.1,722.5,722.5,712.75,715.7,717.05,716.8,13801105,989265358875000.0,302789,8498108,0.6158
2019-04-22,INFY,EQ,717.05,717.05,725.75,715.0,721.3,721.05,721.04,6455426,465464659675000.0,115955,3535056,0.5476
2019-04-23,INFY,EQ,721.05,723.9,730.0,718.4,725.8,728.2,726.32,5516668,400685518400000.0,130836,2893716,0.5245000000000001
2019-04-24,INFY,EQ,728.2,728.2,737.9,724.0,735.0,736.45,733.43,8285120,607653956825000.0,174385,4993503,0.6027
2019-04-25,INFY,EQ,736.45,736.45,737.65,727.05,730.05,728.55,730.72,8005235,584961151020000.0,174336,5361863,0.6698000000000001
2019-04-26,INFY,EQ,728.55,731.0,739.8,729.0,738.6,738.0,736.11,6895168,507563651795000.0,151426,4168443,0.6045
2019-04-30,INFY,EQ,738.0,738.0,753.8,738.0,748.85,751.35,748.61,9920046,742624172240000.0,165676,6888736,0.6944
2019-05-02,INFY,EQ,751.35,747.0,748.4,729.5,730.8,730.8,738.19,6351352,468847730255000.0,115522,4071262,0.6409999999999999
2019-05-03,INFY,EQ,730.8,722.9,731.0,718.2,723.65,723.6,725.26,6348116,460405803110000.06,133663,3735602,0.5885
2019-05-06,INFY,EQ,723.6,715.0,721.8,710.65,717.15,718.4,718.07,8858265,636086440615000.0,148896,6519864,0.736
2019-05-07,INFY,EQ,718.4,720.4,727.9,718.7,724.4,724.55,724.51,5747536,416412668295000.0,104342,3690425,0.6421
2019-05-08,INFY,EQ,724.55,721.0,726.0,716.5,718.95,719.35,721.65,6247642,450860289614999.94,162077,3950857,0.6324000000000001
2019-05-09,INFY,EQ,719.35,719.15,730.3,715.8,722.0,721.05,724.48,7396525,535863522700000.0,242225,4808832,0.6501
2019-05-10,INFY,EQ,721.05,720.8,726.0,715.0,716.5,716.85,717.88,8352335,599594220330000.0,181229,5545377,0.6639
2019-05-13,INFY,EQ,716.85,716.55,726.45,712.1,718.0,719.7,720.09,6808993,490309792850000.0,201194,4745909,0.6970000000000001
2019-05-14,INFY,EQ,719.7,716.5,717.75,703.6,713.6,713.85,711.18,10513001,747667555050000.0,252851,7129503,0.6781999999999999
2019-05-15,INFY,EQ,713.85,714.9,725.2,712.6,715.35,716.1,719.58,6668929,479884958864999.94,139499,4056532,0.6083
2019-05-16,INFY,EQ,716.1,720.0,737.0,719.1,733.15,733.1,730.03,6468556,472227006085000.06,137776,3183434,0.49210000000000004
2019-05-17,INFY,EQ,733.1,733.15,735.8,720.1,724.5,723.9,725.44,8155948,591664610085000.0,126562,4816902,0.5906
2019-05-20,INFY,EQ,723.9,719.7,726.4,706.0,721.3,722.4,719.31,11213708,806609816880000.0,209544,6433842,0.5737
2019-05-21,INFY,EQ,722.4,722.65,722.65,707.7,709.25,709.3,712.09,8645535,615637750640000.0,170212,5649250,0.6534000000000001
2019-05-22,INFY,EQ,709.3,710.0,718.25,707.0,709.95,709.75,712.73,5795713,413075786845000.0,141566,3096074,0.5342
2019-05-23,INFY,EQ,709.75,715.0,716.7,697.45,703.8,701.05,708.67,7233736,512630190360000.06,176571,3889064,0.5376
2019-05-24,INFY,EQ,701.05,703.8,711.75,700.45,709.0,709.2,706.58,7016424,495766957400000.0,143196,4530623,0.6456999999999999
2019-05-27,INFY,EQ,709.2,707.4,713.8,705.5,709.5,708.1,711.8,10247544,729416565935000.0,89920,5823443,0.5683
2019-05-28,INFY,EQ,708.1,712.0,733.45,709.8,726.25,728.1,725.58,23860490,1731271881975000.0,195730,15894106,0.6661
2019-05-29,INFY,EQ,728.1,725.5,733.65,723.65,727.0,727.8,729.38,10293077,750752823450000.0,121851,6211165,0.6034
2019-05-30,INFY,EQ,727.8,727.0,737.25,722.55,732.6,733.55,733.51,15089296,1106810408870000.1,149521,10063526,0.6668999999999999
2019-05-31,INFY,EQ,733.55,736.5,742.95,733.2,737.0,737.75,737.91,8290306,611749448460000.0,138065,5107111,0.616
2019-06-03,INFY,EQ,737.75,729.8,750.9,729.0,745.15,744.65,742.27,7744761,574872804250000.0,97774,4539082,0.5861
2019-06-04,INFY,EQ,744.65,737.25,739.45,733.15,734.9,735.3,736.49,11733702,864171318270000.1,109238,7602995,0.648
2019-06-06,INFY,EQ,735.3,736.5,744.65,733.65,735.5,735.6,736.86,7563925,557356423364999.94,124258,4651412,0.6149
2019-06-07,INFY,EQ,735.6,735.85,743.95,735.85,738.5,739.1,739.65,3218358,238044577900000.0,98025,1674267,0.5202
2019-06-10,INFY,EQ,739.1,740.1,754.1,740.1,753.0,753.5,751.37,4435148,333243761575000.0,124012,2155368,0.48600000000000004
2019-06-11,INFY,EQ,753.5,755.0,759.0,750.5,754.0,754.9,754.71,5733127,432687550085000.06,131848,3559140,0.6208
2019-06-12,INFY,EQ,754.9,756.95,756.95,745.0,753.0,753.8,750.69,8738342,655981565450000.0,169526,5682249,0.6503
2019-06-13,INFY,EQ,753.8,740.0,747.2,740.0,742.2,742.65,743.56,4808577,357545733765000.0,97174,2798082,0.5819
2019-06-14,INFY,EQ,742.65,743.85,745.5,738.25,739.6,740.45,741.51,5556353,412011220680000.0,105007,3805500,0.6849
2019-06-17,INFY,EQ,740.45,743.0,744.5,737.8,739.05,740.55,741.8,3085588,228889591005000.03,72650,1868593,0.5399
2019-06-18,INFY,EQ,740.55,740.2,752.45,740.2,751.45,750.15,749.2,6202838,464714609280000.0,150082,3888747,0.6013000000000001
2019-06-19,INFY,EQ,750.15,752.5,755.4,748.6,751.95,751.9,751.2,4596253,345271382350000.0,91764,2914377,0.6341
2019-06-20,INFY,EQ,751.9,737.8,756.9,735.9,754.95,754.9,749.22,7148684,535593205214999.94,113630,4190645,0.5861999999999999
2019-06-21,INFY,EQ,754.9,755.0,755.0,747.15,751.75,750.2,750.28,13200318,990390913525000.0,122666,10426131,0.7898000000000001
2019-06-24,INFY,EQ,750.2,751.9,751.9,742.65,745.0,745.5,747.99,4758178,355905944210000.0,70416,2725979,0.5729
2019-06-25,INFY,EQ,745.5,744.0,750.9,737.3,745.45,748.1,744.67,3677911,273881169719999.97,118947,2194892,0.5968
2019-06-26,INFY,EQ,748.1,743.0,751.45,738.0,739.4,739.2,743.56,5447130,405026577685000.0,98489,3316971,0.6089
2019-06-27,INFY,EQ,739.2,742.0,744.7,728.15,731.7,730.55,733.31,11122346,815616544665000.0,145135,7204390,0.6476999999999999
2019-06-28,INFY,EQ,730.55,735.5,739.5,728.5,731.7,732.0,732.85,5919494,433812483355000.0,116890,3739343,0.6317
2019-07-01,INFY,EQ,732.0,735.0,737.5,729.85,731.7,731.3,733.32,3224968,236492242815000.0,101260,1828013,0.5668
2019-07-02,INFY,EQ,731.3,734.0,741.65,730.1,739.5,740.0,734.99,4837606,355560538015000.0,88954,3304104,0.6829999999999999
2019-07-03,INFY,EQ,740.0,741.0,743.2,730.0,731.7,731.3,736.8,5958379,439011657545000.0,133416,3450978,0.5792
2019-07-04,INFY,EQ,731.3,729.0,736.4,728.6,732.5,733.8,733.38,3274064,240114862219999.97,97167,1912727,0.5842
2019-07-05,INFY,EQ,733.8,735.0,736.4,713.5,718.0,718.0,723.71,4926289,356519446840000.0,113048,2508334,0.5092
2019-07-08,INFY,EQ,718.0,716.45,724.95,712.3,717.2,717.6,717.2,7177092,514741405589999.94,111837,4729332,0.6589
2019-07-09,INFY,EQ,717.6,718.0,719.85,709.05,713.8,715.5,713.79,5022638,358508628325000.0,121716,3127520,0.6227
2019-07-10,INFY,EQ,715.5,709.0,722.7,706.5,717.55,717.25,716.16,7573816,542407599914999.94,130598,4573427,0.6038
2019-07-11,INFY,EQ,717.25,719.45,723.5,709.6,722.4,721.5,716.61,6252688,448074289005000.0,104709,3347756,0.5354
2019-07-12,INFY,EQ,721.5,722.5,730.6,719.6,730.05,726.75,724.08,7874441,570170886090000.0,122936,4012131,0.5095000000000001
2019-07-15,INFY,EQ,726.75,763.0,781.65,754.2,779.4,779.35,769.12,31064152,2389194622205000.0,665352,12612049,0.406
2019-07-16,INFY,EQ,779.35,777.0,787.8,776.0,782.9,784.85,782.56,9924322,776634159570000.0,231682,4334802,0.4368
2019-07-17,INFY,EQ,784.85,783.9,795.0,776.75,794.0,794.15,789.65,6754348,533356714385000.06,159078,3125761,0.46280000000000004
2019-07-18,INFY,EQ,794.15,789.05,798.5,786.2,791.75,792.7,793.85,6534471,518741294375000.0,148380,3373686,0.5163
2019-07-19,INFY,EQ,792.7,788.7,794.5,781.25,785.0,785.4,786.53,6812754,535840514845000.0,96268,4152096,0.6095
2019-07-22,INFY,EQ,785.4,785.95,792.0,782.05,784.1,784.4,787.13,7107151,559427687885000.06,132725,4990428,0.7022
2019-07-23,INFY,EQ,784.4,787.0,804.0,785.55,790.0,790.05,795.33,10782564,857567472655000.0,207585,6306627,0.5849000000000001
2019-07-24,INFY,EQ,790.05,788.0,793.75,783.6,786.65,786.3,786.78,5745146,452016605160000.06,236924,3675199,0.6397
2019-07-25,INFY,EQ,786.3,788.25,800.2,787.65,792.9,794.5,793.82,9773568,775849181740000.0,259756,6336962,0.6484000000000001
2019-07-26,INFY,EQ,794.5,792.3,795.0,782.2,789.5,787.0,786.88,4941763,388856743170000.0,201172,2730307,0.5525
2019-07-29,INFY,EQ,787.0,789.5,796.95,786.2,791.85,791.45,790.84,6244316,493822966060000.06,190597,3623676,0.5803
2019-07-30,INFY,EQ,791.45,791.9,797.8,788.55,791.65,792.7,793.92,8673253,688583688855000.0,193679,6033235,0.6956
2019-07-31,INFY,EQ,792.7,790.85,799.8,781.6,795.0,793.65,792.38,7350584,582447536820000.0,209577,4494630,0.6115
2019-08-01,INFY,EQ,793.65,786.45,788.4,764.4,770.25,768.85,774.33,10066407,779475523405000.0,216329,6020077,0.598
2019-08-02,INFY,EQ,768.85,765.05,779.9,762.25,774.75,775.6,770.48,10838336,835068048505000.0,227612,6835374,0.6307
2019-08-05,INFY,EQ,775.6,772.6,785.9,768.65,776.8,776.7,777.83,9976238,775983928105000.0,281736,6166468,0.6181
2019-08-06,INFY,EQ,776.7,778.8,783.7,769.8,775.3,774.45,776.57,9331718,724676564385000.0,199427,6512914,0.6979000000000001
2019-08-07,INFY,EQ,774.45,778.9,783.45,772.35,776.05,776.1,778.99,5130457,399658293360000.0,157512,2955139,0.5760000000000001
2019-08-08,INFY,EQ,776.1,782.7,792.75,781.25,787.1,788.75,787.81,8009009,630955098970000.0,171889,5162652,0.6446
2019-08-09,INFY,EQ,788.75,792.0,796.75,784.8,790.0,789.85,790.13,4362520,344695807510000.0,77391,2308520,0.5292
2019-08-13,INFY,EQ,789.85,784.15,786.0,760.15,764.0,764.75,772.53,7517099,580721687340000.0,161749,4223553,0.5619
2019-08-14,INFY,EQ,764.75,775.1,778.25,768.0,772.8,774.8,773.33,5940968,459435788114999.94,154633,3539708,0.5958
2019-08-16,INFY,EQ,774.8,780.0,780.05,762.5,775.0,774.55,772.37,5128088,396077563180000.0,125413,2822446,0.5504
2019-08-19,INFY,EQ,774.55,775.6,783.0,773.35,778.0,777.65,779.02,3881451,302371727455000.0,107402,1930708,0.4974
2019-08-20,INFY,EQ,777.65,785.2,798.0,783.85,792.5,792.75,793.28,8435344,669156704275000.0,140808,4388051,0.5202
2019-08-21,INFY,EQ,792.75,793.0,803.75,793.0,799.25,799.45,799.47,5926896,473835017464999.94,154752,3200340,0.54
2019-08-22,INFY,EQ,799.45,799.9,801.3,792.35,795.4,795.7,797.0,5222488,416230501745000.0,136435,2970228,0.5687
2019-08-23,INFY,EQ,795.7,796.45,809.95,795.8,801.25,802.2,802.51,6895015,553330672960000.06,151009,3671650,0.5325
2019-08-26,INFY,EQ,802.2,795.9,806.8,786.9,804.3,802.55,799.09,5412074,432472324825000.0,141654,2928888,0.5412
2019-08-27,INFY,EQ,802.55,791.0,794.95,781.1,785.5,784.65,785.23,16061642,1261213100740000.0,242098,11517935,0.7171
2019-08-28,INFY,EQ,784.65,787.4,805.0,786.3,803.5,802.5,796.96,5881134,468702473060000.06,113678,2578179,0.43840000000000007
2019-08-29,INFY,EQ,802.5,795.5,809.7,795.5,808.3,806.95,805.11,7830413,630437819225000.0,117244,4155574,0.5307000000000001
2019-08-30,INFY,EQ,806.95,810.0,817.35,802.0,814.75,814.9,809.24,8174186,661487674925000.0,144388,5362040,0.6559999999999999
2019-09-03,INFY,EQ,814.9,815.0,822.4,812.05,812.75,814.25,816.96,5647088,461345596985000.06,109072,3392110,0.6007
2019-09-04,INFY,EQ,814.25,810.75,822.45,810.25,819.9,821.3,818.11,6199015,507147909725000.0,124357,3728982,0.6015
2019-09-05,INFY,EQ,821.3,830.1,837.5,826.65,835.1,834.05,833.0,7926895,660307339930000.0,242554,4640725,0.5854
2019-09-06,INFY,EQ,834.05,843.3,847.0,835.05,840.25,840.15,840.49,6106841,513276293239999.94,171032,3425602,0.5609000000000001
2019-09-09,INFY,EQ,840.15,836.8,840.3,827.55,830.0,829.1,830.92,4377870,363765479640000.0,122479,2606258,0.5953
2019-09-11,INFY,EQ,829.1,822.3,828.55,814.15,822.1,820.1,818.82,7981036,653504500595000.0,162235,5625215,0.7048000000000001
2019-09-12,INFY,EQ,820.1,816.4,819.85,810.85,817.6,816.4,816.08,4400017,359075248980000.0,110552,2680941,0.6093000000000001
2019-09-13,INFY,EQ,816.4,818.1,831.05,817.5,829.8,829.3,824.18,4832021,398247848930000.0,93586,2458599,0.5088
2019-09-16,INFY,EQ,829.3,832.05,837.95,820.55,827.6,827.7,827.38,4846496,400990689200000.0,137629,2537087,0.5235000000000001
2019-09-17,INFY,EQ,827.7,831.5,835.0,820.55,832.35,831.25,827.54,5540901,458529918800000.0,135783,3521255,0.6355
2019-09-18,INFY,EQ,831.25,829.9,832.95,824.0,831.45,829.85,828.68,3199389,265127364415000.0,115862,1381310,0.43170000000000003
2019-09-19,INFY,EQ,829.85,824.85,827.0,815.2,820.3,820.7,820.99,6601607,541982883275000.0,120499,4322765,0.6548
2019-09-20,INFY,EQ,820.7,822.9,835.0,802.0,807.3,805.0,811.86,22462366,1823640080725000.0,277034,16113892,0.7173999999999999
2019-09-23,INFY,EQ,805.0,806.9,806.9,741.9,765.0,764.35,770.66,17279260,1331637023310000.0,423674,11307357,0.6544
2019-09-24,INFY,EQ,764.35,765.0,798.65,765.0,794.0,794.05,785.94,13717998,1078158030760000.0,236139,7761626,0.5658
2019-09-25,INFY,EQ,794.05,787.7,801.0,781.65,790.75,792.65,793.69,9313576,739208192545000.0,257048,4911658,0.5274
2019-09-26,INFY,EQ,792.65,787.75,797.0,778.1,784.6,782.55,783.93,18442824,1445780289335000.0,178651,13292785,0.7208
2019-09-27,INFY,EQ,782.55,787.05,794.25,780.1,782.2,782.2,785.46,5087642,399612650485000.0,161432,2830566,0.5564
2019-09-30,INFY,EQ,782.2,785.1,808.0,784.15,804.2,805.65,801.63,8178091,655581264285000.0,156000,4430205,0.5417000000000001
2019-10-01,INFY,EQ,805.65,807.0,807.55,791.55,794.95,793.55,796.66,5881438,468548740314999.94,172253,3614822,0.6146
2019-10-03,INFY,EQ,793.55,792.55,797.85,784.15,786.4,785.6,791.93,5497672,435379306964999.94,166567,3384617,0.6156
2019-10-04,INFY,EQ,785.6,790.0,797.6,787.05,792.3,793.45,794.32,8201713,651482023085000.0,114239,6218101,0.7581
2019-10-07,INFY,EQ,793.45,794.85,802.0,786.1,788.8,789.55,791.09,3679845,291107809465000.0,118304,1978821,0.5377000000000001
2019-10-09,INFY,EQ,789.55,795.45,795.9,778.8,783.75,783.65,783.69,6335025,496466855795000.0,148580,4154272,0.6558
2019-10-10,INFY,EQ,783.65,785.4,794.7,776.6,782.5,783.05,786.97,10402917,818682053195000.0,123048,7300873,0.7018000000000001
2019-10-11,INFY,EQ,783.05,781.5,823.8,776.6,815.0,814.8,807.01,20636344,1665375751140000.0,318660,11225299,0.544
2019-10-14,INFY,EQ,814.8,786.75,797.0,780.0,786.3,786.1,789.64,15150858,1196374622955000.0,308844,7057980,0.4658
2019-10-15,INFY,EQ,786.1,773.1,775.95,765.0,769.0,768.3,769.68,13762133,1059237590254999.9,298596,8337226,0.6058
2019-10-16,INFY,EQ,768.3,765.25,775.95,761.55,771.0,771.45,770.12,10767032,829188388080000.0,258065,5624891,0.5224
2019-10-17,INFY,EQ,771.45,767.0,770.55,765.1,769.4,769.5,768.53,9860495,757812300370000.0,202471,7175174,0.7277
2019-10-18,INFY,EQ,769.5,763.8,773.8,760.0,767.5,767.85,767.62,10037200,770475899210000.0,187743,5535843,0.5515
2019-10-22,INFY,EQ,767.85,691.1,691.1,638.35,640.0,643.55,658.16,90152532,5933445305660000.0,1643015,57759158,0.6406999999999999
2019-10-23,INFY,EQ,643.55,630.0,656.65,615.1,650.35,650.6,643.94,60516887,3896914774865000.0,1059289,28705698,0.4743
2019-10-24,INFY,EQ,650.6,650.0,653.2,632.0,634.7,635.35,643.72,25666433,1652187612275000.0,393942,14070797,0.5482
2019-10-25,INFY,EQ,635.35,647.0,652.5,636.0,637.1,637.45,643.66,16549337,1065221542025000.0,327171,8298797,0.5015
2019-10-27,INFY,EQ,637.45,651.1,652.5,645.55,649.95,648.85,648.43,2945433,190991466920000.0,67356,1646327,0.5589000000000001
2019-10-29,INFY,EQ,648.85,651.0,653.75,647.0,650.9,650.65,650.33,16709764,1086692987475000.0,309792,11733053,0.7022
2019-10-30,INFY,EQ,650.65,660.4,671.4,656.2,662.25,660.6,664.01,22879467,1519227671845000.0,319118,13197793,0.5768
2019-10-31,INFY,EQ,660.6,668.4,695.45,666.1,687.0,685.6,685.39,27405901,1878368965159999.8,424958,12137949,0.4429
2019-11-01,INFY,EQ,685.6,690.0,694.0,682.6,688.9,687.9,688.47,9713519,668746893340000.0,181647,4209298,0.4333
2019-11-04,INFY,EQ,687.9,681.8,732.5,678.15,710.1,709.0,714.2,29381982,2098460712425000.0,384467,7483448,0.2547
2019-11-05,INFY,EQ,709.0,708.75,708.75,691.5,695.05,696.1,699.32,12897805,901975014540000.0,204502,5126393,0.3975
2019-11-06,INFY,EQ,696.1,695.8,721.5,692.0,712.5,712.3,710.66,21372589,1518868523435000.0,344247,7762086,0.3632
2019-11-07,INFY,EQ,712.3,717.0,724.35,712.1,720.25,720.1,718.75,13733737,987115425290000.0,205054,7318796,0.5329
2019-11-08,INFY,EQ,720.1,722.0,724.25,705.5,708.3,708.15,716.33,8585630,615013778035000.0,114589,4349437,0.5065999999999999
2019-11-11,INFY,EQ,708.15,698.9,707.2,698.0,703.1,704.4,703.64,6951494,489133620020000.0,118370,3050177,0.4388
2019-11-13,INFY,EQ,704.4,696.5,700.0,687.75,691.45,691.35,695.08,9973690,693253925405000.0,182739,4810242,0.4823
2019-11-14,INFY,EQ,691.35,696.35,709.8,696.35,705.05,705.3,705.92,10539902,744031835230000.0,172258,4673617,0.4434
2019-11-15,INFY,EQ,705.3,709.05,712.95,702.3,704.6,703.9,705.52,7362623,519447156205000.0,122419,4660400,0.633
2019-11-18,INFY,EQ,703.9,705.0,710.0,699.3,709.9,705.2,703.53,7490916,527009382570000.0,140015,4896848,0.6537000000000001
2019-11-19,INFY,EQ,705.2,709.9,714.0,705.0,712.8,712.85,710.87,6495885,461772681395000.0,127941,3654389,0.5626
2019-11-20,INFY,EQ,712.85,712.8,715.0,705.0,713.0,713.0,710.95,6142171,436679118710000.06,87462,3748676,0.6103000000000001
2019-11-21,INFY,EQ,713.0,715.5,721.45,710.5,712.15,713.25,714.88,9692973,692935271845000.0,127699,6217311,0.6414
2019-11-22,INFY,EQ,713.25,711.75,712.0,685.1,692.95,693.2,693.38,14415826,999565243104999.9,223156,5835762,0.4048
2019-11-25,INFY,EQ,693.2,693.35,705.15,693.2,699.0,698.1,698.13,7334511,512043617030000.0,109264,3806774,0.519
2019-11-26,INFY,EQ,698.1,705.0,707.25,686.0,692.6,690.6,693.08,27253106,1888870155580000.0,163058,18766289,0.6886
2019-11-27,INFY,EQ,690.6,694.25,697.65,690.1,696.15,695.75,694.39,3861635,268147817025000.0,64039,2127806,0.551
2019-11-28,INFY,EQ,695.75,699.1,703.35,694.05,701.45,701.85,698.53,4837683,337927040310000.0,84619,2196270,0.454
2019-11-29,INFY,EQ,701.85,700.9,702.3,691.55,695.8,696.35,695.72,4262379,296540231865000.0,110226,2568211,0.6025
2019-12-02,INFY,EQ,696.35,703.1,704.0,690.3,692.75,692.7,693.51,9383736,650768435130000.0,102880,7134359,0.7603
2019-12-03,INFY,EQ,692.7,692.7,699.7,688.55,699.0,698.35,696.23,5239013,364755374170000.0,84499,2780779,0.5307999999999999
2019-12-04,INFY,EQ,698.35,697.0,710.5,693.35,708.25,708.85,706.09,7427886,524476794489999.94,169304,3885827,0.5231
2019-12-05,INFY,EQ,708.85,706.45,715.9,703.8,714.1,714.85,712.06,4814422,342813926765000.0,76989,1946177,0.4042
2019-12-06,INFY,EQ,714.85,715.95,720.0,709.6,714.5,715.1,715.43,5226096,373888636480000.0,79319,2470841,0.4728
2019-12-09,INFY,EQ,715.1,716.0,722.35,714.25,716.05,717.25,718.66,6435865,462517725205000.0,114112,3793800,0.5895
2019-12-10,INFY,EQ,717.25,713.0,718.5,710.0,713.45,714.55,715.42,4457939,318928468765000.0,81372,2491263,0.5588000000000001
2019-12-11,INFY,EQ,714.55,716.6,722.7,713.0,720.0,721.05,718.49,6043554,434224498080000.0,125702,3829712,0.6337
2019-12-12,INFY,EQ,721.05,718.5,720.7,699.55,702.1,702.1,706.03,11112042,784541739445000.0,163350,4701874,0.42310000000000003
2019-12-13,INFY,EQ,702.1,700.35,712.9,700.35,711.5,711.3,708.5,10302412,729921456975000.0,132030,5440986,0.5281
2019-12-16,INFY,EQ,711.3,712.3,720.2,710.2,714.25,714.0,715.89,5616324,402069413110000.0,116838,3181046,0.5664
2019-12-17,INFY,EQ,714.0,719.7,731.25,715.0,730.5,729.7,726.51,10525565,764691788985000.0,193372,5918984,0.5623
2019-12-18,INFY,EQ,729.7,731.0,737.3,722.75,733.4,732.45,732.13,12215295,894324221425000.0,210673,6987100,0.5720000000000001
2019-12-19,INFY,EQ,732.45,733.5,735.95,724.6,732.0,730.85,729.59,7199210,525247499435000.06,165219,3944237,0.5479
2019-12-20,INFY,EQ,730.85,731.0,735.0,728.25,730.0,731.55,731.45,7794167,570107705975000.0,131404,4269114,0.5477000000000001
2019-12-23,INFY,EQ,731.55,732.15,737.3,731.65,735.95,736.0,734.61,4975608,365512811345000.0,80052,3045794,0.6121
2019-12-24,INFY,EQ,736.0,736.95,736.95,728.3,734.25,733.4,732.75,2890759,211819266085000.0,50306,1365090,0.4722
2019-12-26,INFY,EQ,733.4,732.0,734.55,726.55,729.5,728.95,730.42,3821806,279152846065000.0,48763,2112825,0.5528000000000001
2019-12-27,INFY,EQ,728.95,729.75,737.5,728.85,736.55,736.95,734.36,3399094,249617188865000.0,65467,1848140,0.5437
2019-12-30,INFY,EQ,736.95,736.1,737.95,727.25,732.5,732.9,732.53,5368416,393252216405000.0,115398,3267316,0.6086
2019-12-31,INFY,EQ,732.9,729.7,737.75,725.45,732.0,731.15,732.75,6927885,507641989730000.0,156522,2954104,0.4264
2020-01-01,INFY,EQ,731.15,735.0,740.0,732.55,739.35,736.85,735.35,2112415,155336874880000.0,36769,561646,0.2659
2020-01-02,INFY,EQ,736.85,738.9,740.8,730.9,735.75,734.7,735.22,5658200,416002533575000.0,102483,3413440,0.6033
2020-01-03,INFY,EQ,734.7,733.9,748.0,733.9,745.0,746.0,744.67,7882938,587017330235000.0,105632,3682521,0.4672
2020-01-06,INFY,EQ,746.0,746.1,753.8,736.5,738.5,738.85,743.51,6519403,484723698214999.94,129992,2871332,0.4404
2020-01-07,INFY,EQ,738.85,738.0,742.6,725.1,729.3,727.9,734.63,7899363,580311982455000.0,189680,3976564,0.5034000000000001
2020-01-08,INFY,EQ,727.9,724.95,729.0,708.3,718.9,718.2,717.84,8639443,620170752240000.0,232857,3579984,0.4144
2020-01-09,INFY,EQ,718.2,721.7,731.5,714.3,727.6,727.55,724.6,13521186,979745529154999.9,161064,7560512,0.5592
2020-01-10,INFY,EQ,727.55,740.45,742.9,730.5,740.0,738.15,737.69,9341405,689107845130000.0,145267,2641897,0.2828
2020-01-13,INFY,EQ,738.15,760.0,777.5,755.0,772.5,773.55,769.14,36952038,2842112930465000.0,753340,12985958,0.3514
2020-01-14,INFY,EQ,773.55,769.95,776.95,767.2,775.5,775.65,772.12,11414418,881326489915000.0,289583,5736351,0.5025999999999999
2020-01-15,INFY,EQ,775.65,773.85,773.85,762.15,766.3,767.55,766.99,6047430,463829821905000.0,96319,2874200,0.4753
2020-01-16,INFY,EQ,767.55,770.7,772.5,760.25,767.2,767.0,766.35,5740586,439930940885000.06,93520,2546218,0.4435
2020-01-17,INFY,EQ,767.0,770.7,772.9,762.25,767.45,767.85,766.35,3762957,288374384990000.0,98313,1716214,0.4561
2020-01-20,INFY,EQ,767.85,771.6,774.4,762.95,768.85,768.45,767.06,3887680,298207492385000.0,81096,1987288,0.5112
2020-01-21,INFY,EQ,768.45,768.45,770.5,760.75,761.15,762.5,764.09,4448374,339897785725000.0,83703,2831904,0.6365999999999999
2020-01-22,INFY,EQ,762.5,768.45,778.0,766.0,769.8,770.2,771.58,9733935,751049914755000.0,148501,5309541,0.5455
2020-01-23,INFY,EQ,770.2,777.1,785.5,776.7,782.35,784.35,781.01,12528017,978456637454999.9,197205,8696219,0.6940999999999999
2020-01-24,INFY,EQ,784.35,775.75,786.5,773.6,783.0,782.75,779.2,7540490,587555943625000.0,131263,3499303,0.46409999999999996
2020-01-27,INFY,EQ,782.75,779.05,784.8,774.4,778.05,778.1,778.05,3741610,291115955235000.0,102550,2126199,0.5683
2020-01-28,INFY,EQ,778.1,781.0,781.8,772.0,778.0,778.0,775.99,5121009,397383355180000.0,108248,3281703,0.6408
2020-01-29,INFY,EQ,778.0,786.6,792.8,784.25,790.0,789.7,787.87,6832757,538333513200000.0,83287,3600795,0.527
2020-01-30,INFY,EQ,789.7,789.7,789.7,778.0,780.6,780.7,781.35,3859680,301577580115000.0,98962,2022411,0.524
2020-01-31,INFY,EQ,780.7,780.55,784.95,771.6,777.7,775.95,776.84,6092028,473254758675000.0,72176,4123484,0.6769
2020-02-01,INFY,EQ,775.95,775.1,791.25,769.25,777.0,779.5,779.56,5104062,397892396660000.0,105374,2846062,0.5576
2020-02-03,INFY,EQ,779.5,782.0,790.95,764.5,767.1,767.4,771.38,6416745,494973829939999.94,132708,3721975,0.58
2020-02-04,INFY,EQ,767.4,770.1,789.9,770.1,788.1,787.85,781.11,5771311,450801953210000.06,126688,3493877,0.6054
2020-02-05,INFY,EQ,787.85,781.0,786.0,774.4,784.5,784.55,779.33,6310409,491787280405000.0,142904,3754373,0.5949
2020-02-06,INFY,EQ,784.55,784.35,786.8,770.0,772.0,771.35,775.78,7341622,569551298935000.0,133662,4417336,0.6017
2020-02-07,INFY,EQ,771.35,775.95,778.85,771.0,776.0,777.3,775.8,2853344,221362088790000.0,53815,1395947,0.4892
2020-02-10,INFY,EQ,777.3,774.0,778.0,769.75,773.0,773.2,772.86,3827682,295826428705000.0,50917,2548802,0.6659
2020-02-11,INFY,EQ,773.2,779.0,779.1,769.2,775.0,773.55,773.48,4312817,333585922295000.0,83764,2771644,0.6426999999999999
2020-02-12,INFY,EQ,773.55,775.8,783.25,775.1,780.8,781.05,780.73,2948825,230222879744999.97,80507,1455179,0.49350000000000005
2020-02-13,INFY,EQ,781.05,785.0,794.0,782.2,792.5,792.25,787.51,4387430,345512990600000.0,80876,2182796,0.4975
2020-02-14,INFY,EQ,792.25,794.5,799.2,784.6,786.3,786.45,791.78,5321680,421357374260000.0,103460,2627167,0.49369999999999997
2020-02-17,INFY,EQ,786.45,790.3,793.45,783.3,788.85,789.45,789.21,2929629,231208582725000.0,69780,1441936,0.4922
2020-02-18,INFY,EQ,789.45,785.0,799.05,783.65,798.5,797.65,793.27,5083346,403246234375000.0,103674,2672902,0.5258
2020-02-19,INFY,EQ,797.65,800.0,804.85,796.15,800.4,800.45,799.62,3985192,318663794620000.0,79345,1993471,0.5002000000000001
2020-02-20,INFY,EQ,800.45,803.25,806.1,793.85,796.8,797.0,800.74,4564569,365503959850000.0,94252,2324240,0.5092
2020-02-24,INFY,EQ,797.0,800.1,811.6,792.15,795.9,795.85,804.05,6627536,532887914989999.94,130286,3283926,0.4955
2020-02-25,INFY,EQ,795.85,799.0,806.0,795.4,799.5,798.4,799.93,6996695,559690040125000.0,114637,4262139,0.6092000000000001
2020-02-26,INFY,EQ,798.4,793.95,801.45,780.5,782.25,782.75,791.65,8760569,693531435315000.0,168481,5489084,0.6265999999999999
2020-02-27,INFY,EQ,782.75,778.0,780.75,772.2,776.55,777.85,777.16,5223386,405942515450000.0,100716,2619919,0.5015999999999999
2020-02-28,INFY,EQ,777.85,750.0,756.8,722.05,732.0,731.7,738.68,14123957,1043310167140000.0,277778,7459667,0.5282
2020-03-02,INFY,EQ,731.7,737.0,765.9,733.75,739.4,741.05,750.99,9821523,737586153200000.0,155968,4844883,0.4933
2020-03-03,INFY,EQ,741.05,755.0,759.0,741.25,751.0,747.0,749.09,7826587,586283638075000.0,136066,4215088,0.5386
2020-03-04,INFY,EQ,747.0,753.9,761.5,745.55,758.0,758.75,753.23,11013444,829562304690000.0,155822,6465657,0.5871000000000001
2020-03-05,INFY,EQ,758.75,763.75,773.55,751.75,754.15,754.6,763.7,7755293,592273765650000.0,124093,4825053,0.6222
2020-03-06,INFY,EQ,754.6,741.0,744.0,729.1,739.0,738.95,738.53,9216022,680631052115000.0,147517,5388310,0.5847
2020-03-09,INFY,EQ,738.95,724.5,725.85,697.0,706.4,704.45,705.63,10308697,727416243010000.0,180848,5907793,0.5731
2020-03-11,INFY,EQ,704.45,690.65,695.95,669.05,682.15,686.0,685.87,16165054,1108713134854999.9,233010,9214947,0.5700999999999999
2020-03-12,INFY,EQ,686.0,668.0,670.0,627.5,631.0,631.2,644.47,13965689,900041764515000.0,265786,8493552,0.6082
2020-03-13,INFY,EQ,631.2,592.0,667.0,570.0,652.15,642.35,629.0,16903140,1063207796250000.0,286353,8864763,0.5244
2020-03-16,INFY,EQ,642.35,622.0,622.15,580.0,583.2,583.15,597.37,19140854,1143417996435000.0,462293,11600859,0.6061
2020-03-17,INFY,EQ,583.15,588.1,592.0,550.0,560.0,554.95,571.99,16060126,918628569800000.0,359329,9211128,0.5735
2020-03-18,INFY,EQ,554.95,568.0,578.0,528.0,531.7,534.3,552.92,15391568,851034434720000.0,235885,9021438,0.5861
2020-03-19,INFY,EQ,534.3,509.25,558.0,509.25,551.8,545.55,540.83,16584106,896924499500000.0,313532,8412882,0.5073
2020-03-20,INFY,EQ,545.55,549.5,617.45,548.0,580.9,585.2,585.1,21356183,1249551037085000.0,407561,10083301,0.4721
2020-03-23,INFY,EQ,585.2,540.0,560.95,515.9,529.15,526.45,531.33,17146303,911039375279999.9,258952,11879320,0.6928
2020-03-24,INFY,EQ,526.45,522.0,601.15,522.0,600.0,589.8,572.73,20029537,1147145743710000.0,434375,9764185,0.4875
2020-03-25,INFY,EQ,589.8,597.0,635.0,565.7,607.0,606.2,596.75,18339650,1094419338435000.0,429544,9319667,0.5082
2020-03-26,INFY,EQ,606.2,615.0,650.85,612.1,640.0,643.0,638.74,14868843,949734785535000.0,291975,7217989,0.4854
2020-03-27,INFY,EQ,643.0,665.05,674.9,642.25,655.0,652.7,653.79,13495469,882324246525000.0,262091,7165073,0.5309
2020-03-30,INFY,EQ,652.7,625.1,663.5,621.1,623.8,626.7,638.82,14625720,934322836350000.0,230047,8560352,0.5853
2020-03-31,INFY,EQ,626.7,650.0,662.0,633.7,639.6,641.5,647.8,15175528,983076849810000.0,279311,9018365,0.5943
2020-04-01,INFY,EQ,641.5,634.35,637.5,594.0,603.9,602.8,611.89,13083865,800588836085000.0,379235,6575764,0.5025999999999999
2020-04-03,INFY,EQ,602.8,603.5,606.0,582.15,588.5,585.7,592.53,10221890,605672560795000.0,261228,4711571,0.46090000000000003
2020-04-07,INFY,EQ,585.7,615.0,644.25,612.9,633.8,639.0,627.65,15146526,950671456629999.9,260480,8846122,0.584
2020-04-08,INFY,EQ,639.0,630.0,655.65,626.35,632.25,631.6,637.44,11806901,752616213555000.0,235881,5570288,0.4718
2020-04-09,INFY,EQ,631.6,646.8,652.8,632.1,635.6,636.25,640.28,11931287,763933859725000.0,232901,6022789,0.5048
2020-04-13,INFY,EQ,636.25,629.0,651.7,626.05,637.0,637.4,641.21,8330291,534142578900000.0,232090,3845112,0.46159999999999995
2020-04-15,INFY,EQ,637.4,651.4,653.3,635.6,640.0,639.05,645.85,11963493,772665723685000.0,278339,7111564,0.5944
2020-04-16,INFY,EQ,639.05,619.95,634.9,603.5,626.9,623.85,620.5,17783310,1103450889450000.0,254606,9056129,0.5092
2020-04-17,INFY,EQ,623.85,644.0,646.0,626.0,634.2,628.75,633.5,8878372,562442262820000.0,220448,4596958,0.5178
2020-04-20,INFY,EQ,628.75,640.0,661.0,639.0,650.95,653.3,653.71,13322995,870934459029999.9,220363,4044244,0.3036
2020-04-21,INFY,EQ,653.3,627.8,646.5,627.8,633.0,633.2,638.34,11660678,744352492300000.0,195803,4120383,0.35340000000000005
2020-04-22,INFY,EQ,633.2,633.2,645.0,628.05,641.5,641.85,639.85,8267159,528975946635000.06,148917,3705627,0.4482
2020-04-23,INFY,EQ,641.85,647.05,683.65,638.1,675.0,679.3,665.09,14451294,961144087060000.0,225884,5794675,0.401
2020-04-24,INFY,EQ,679.3,668.55,675.0,654.8,660.95,658.0,662.5,7319950,484947061245000.0,162251,2433249,0.33240000000000003
2020-04-27,INFY,EQ,658.0,661.05,681.0,661.05,665.1,664.6,670.63,7183316,481737046764999.94,143869,3225109,0.449
2020-04-28,INFY,EQ,664.6,673.0,677.0,653.05,664.05,660.7,659.88,7296594,481487427860000.06,128788,3379174,0.4631
2020-04-29,INFY,EQ,660.7,666.0,682.0,658.0,678.0,676.55,671.94,8639246,580508486605000.0,175742,4181519,0.484
2020-04-30,INFY,EQ,676.55,700.0,720.0,698.1,715.05,715.5,711.47,16254036,1156422672575000.0,277142,7694828,0.47340000000000004
2020-05-04,INFY,EQ,715.5,689.8,701.2,670.35,675.15,673.7,686.15,9122803,625959149280000.0,177978,4829727,0.5294
2020-05-05,INFY,EQ,673.7,681.75,685.6,670.0,674.5,673.7,679.28,6393108,434273062700000.0,132076,2677598,0.41880000000000006
2020-05-06,INFY,EQ,673.7,676.9,681.45,664.05,667.0,665.9,671.02,7934457,532415771335000.06,211094,4131440,0.5207
2020-05-07,INFY,EQ,665.9,665.55,674.35,662.45,666.7,664.95,668.79,4779550,319649921680000.0,93851,1338583,0.2801
2020-05-08,INFY,EQ,664.95,672.25,680.9,668.5,676.0,674.2,674.96,8400376,566993748030000.0,206669,4255606,0.5065999999999999
2020-05-11,INFY,EQ,674.2,682.5,698.55,678.0,683.75,682.9,688.95,7370192,507767328360000.06,157658,2796962,0.37950000000000006
2020-05-12,INFY,EQ,682.9,678.5,691.0,675.5,687.0,687.65,684.84,7356063,503771553335000.06,165655,3084813,0.4194
2020-05-13,INFY,EQ,687.65,694.8,699.9,683.75,693.75,694.15,693.94,8287106,575075821645000.0,156513,3445104,0.4157
2020-05-14,INFY,EQ,694.15,659.0,671.75,652.6,658.2,658.15,662.77,16888356,1119311387585000.0,284577,8182759,0.48450000000000004
2020-05-15,INFY,EQ,658.15,664.8,664.8,646.7,652.3,652.3,652.46,9255353,603875759940000.0,159733,4310476,0.4657
2020-05-18,INFY,EQ,652.3,659.85,670.55,653.0,659.6,663.9,663.53,10435495,692428088505000.0,160262,3755434,0.35990000000000005
2020-05-19,INFY,EQ,663.9,664.0,674.8,655.0,670.0,668.6,668.12,5902238,394337854420000.0,121850,1988018,0.3368
2020-05-20,INFY,EQ,668.6,668.5,673.0,659.65,666.0,669.55,666.46,5795193,386224824390000.0,104746,2267162,0.3912
2020-05-21,INFY,EQ,669.55,666.5,679.45,665.4,673.0,672.2,672.37,7214401,485078046030000.0,122009,3469480,0.48090000000000005
2020-05-22,INFY,EQ,672.2,675.0,695.85,673.5,692.0,692.35,688.38,11867864,816962953235000.0,201776,4330805,0.3649
2020-05-26,INFY,EQ,692.35,693.0,699.45,679.0,681.3,680.55,689.51,7099719,489531848395000.0,122600,3121766,0.4397
2020-05-27,INFY,EQ,680.55,686.05,709.2,675.0,706.2,705.45,693.83,8774694,608814374640000.0,155415,3437244,0.39170000000000005
2020-05-28,INFY,EQ,705.45,707.0,710.0,690.0,706.0,707.4,699.96,9440121,660769986430000.0,141590,2657015,0.2815
2020-05-29,INFY,EQ,707.4,692.5,700.8,674.95,692.0,691.0,690.78,28291172,1954303283205000.0,241793,18169775,0.6422
2020-06-01,INFY,EQ,691.0,698.75,706.65,691.5,699.55,699.55,700.27,12276649,859698133979999.9,166839,5306820,0.43229999999999996
2020-06-02,INFY,EQ,699.55,700.5,711.65,697.55,708.2,708.1,706.32,7059409,498618379525000.0,123937,2883368,0.40840000000000004
2020-06-03,INFY,EQ,708.1,710.7,711.9,696.0,702.85,701.55,702.71,11378568,799586997215000.0,179242,6410775,0.5634
2020-06-04,INFY,EQ,701.55,702.0,709.45,697.5,707.05,707.75,704.17,10783594,759349555130000.0,134508,5936764,0.5505
2020-06-05,INFY,EQ,707.75,707.0,711.7,700.6,704.75,703.55,705.8,7718943,544803085195000.0,124734,3191258,0.41340000000000005
2020-06-08,INFY,EQ,703.55,707.65,725.8,704.0,722.05,720.85,718.75,10719124,770438937255000.0,180849,4477137,0.4177
2020-06-09,INFY,EQ,720.85,720.0,729.6,715.05,715.05,717.6,721.62,10078863,727306178545000.0,173628,4004917,0.39740000000000003
2020-06-10,INFY,EQ,717.6,715.0,719.45,709.2,714.95,715.85,715.57,7263272,519737719125000.0,121854,3458171,0.4761
2020-06-11,INFY,EQ,715.85,712.0,713.4,700.25,703.8,703.95,707.7,8825914,624612398550000.0,140529,3918922,0.444
2020-06-12,INFY,EQ,703.95,675.8,695.15,675.5,691.0,692.05,686.35,9796064,672351955780000.0,165667,5002018,0.5106
2020-06-15,INFY,EQ,692.05,693.0,704.4,685.25,688.05,687.55,692.55,7857344,544161232685000.06,105262,3195578,0.4067
2020-06-16,INFY,EQ,687.55,702.0,712.0,699.15,700.0,701.2,705.08,10132423,714420777505000.0,170413,4145181,0.40909999999999996
2020-06-17,INFY,EQ,701.2,699.9,710.3,698.0,704.6,703.65,705.4,7291919,514375264630000.0,136959,3882325,0.5324
2020-06-18,INFY,EQ,703.65,708.2,716.6,706.0,713.4,713.9,711.84,6670206,474809171639999.94,174646,2816843,0.42229999999999995
2020-06-19,INFY,EQ,713.9,709.0,711.9,701.0,708.15,705.55,704.87,22438873,1581643221965000.0,266933,12233953,0.5452
2020-06-22,INFY,EQ,705.55,707.1,708.7,700.0,703.45,703.7,702.88,7804139,548537702620000.0,145862,3545868,0.45439999999999997
2020-06-23,INFY,EQ,703.7,695.7,724.5,692.1,720.0,720.65,713.34,12157486,867246491020000.1,203759,2111776,0.369
2020-06-24,INFY,EQ,720.65,716.9,726.8,709.4,715.25,714.15,717.48,10220908,733327613965000.0,147819,4902062,0.4796
2020-06-25,INFY,EQ,714.15,704.85,705.6,693.5,700.7,700.5,700.31,14945304,1046632346000000.0,214685,7828966,0.5238
2020-06-26,INFY,EQ,700.5,710.2,751.6,710.0,747.0,748.2,740.04,26030535,1926353647945000.0,378564,7836286,0.30100000000000005
2020-06-29,INFY,EQ,748.2,735.4,744.7,730.1,731.4,731.75,735.05,8954490,658202485620000.0,128524,3107259,0.34700000000000003
2020-06-30,INFY,EQ,731.75,732.8,738.95,724.25,733.7,735.95,733.74,10411347,763923413275000.0,140340,4686949,0.45020000000000004
2020-07-01,INFY,EQ,735.95,737.25,742.3,729.75,730.85,731.9,736.05,5477687,403183657990000.0,101474,2540508,0.46380000000000005
2020-07-02,INFY,EQ,731.9,737.35,765.45,735.4,756.0,756.6,756.33,17263764,1305714371920000.0,207044,7512460,0.43520000000000003
2020-07-03,INFY,EQ,756.6,755.0,764.0,752.5,762.15,762.7,759.35,7796573,592034909650000.0,148320,3290825,0.42210000000000003
2020-07-06,INFY,EQ,762.7,765.2,775.0,761.5,764.4,764.0,768.11,8811009,676783577925000.0,180660,4031067,0.4575
2020-07-07,INFY,EQ,764.0,769.4,796.95,765.55,789.9,794.15,785.79,19362666,1521505954035000.0,321825,8292880,0.4283
2020-07-08,INFY,EQ,794.15,784.9,784.9,772.2,774.5,774.7,778.55,8476675,659955075735000.0,145325,4024084,0.4747
2020-07-09,INFY,EQ,774.7,780.0,790.0,775.0,782.05,781.7,781.17,6854196,535431442750000.0,130712,2894227,0.42229999999999995
2020-07-10,INFY,EQ,781.7,773.5,789.9,773.5,779.9,781.85,782.38,5206452,407344502555000.0,94276,1519722,0.2919
2020-07-13,INFY,EQ,781.85,788.0,805.35,786.05,796.1,797.05,797.65,10804911,861851986979999.9,150013,3446257,0.319
2020-07-14,INFY,EQ,797.05,792.95,806.4,781.35,784.95,783.25,794.38,8961822,711912156315000.0,139180,3289743,0.36710000000000004
2020-07-15,INFY,EQ,783.25,799.0,848.45,794.8,833.95,830.95,828.95,30060998,2491908083520000.0,376383,6598058,0.2195
2020-07-16,INFY,EQ,830.95,900.1,955.5,894.25,910.0,911.0,920.45,90433393,8323905270135001.0,936612,17589189,0.1945
2020-07-17,INFY,EQ,911.0,911.0,919.9,892.15,905.65,903.15,903.73,31682904,2863288919635000.0,432265,5450549,0.172
2020-07-20,INFY,EQ,903.15,908.5,945.0,906.75,942.95,934.3,921.63,18421083,1697745835250000.0,242092,6137409,0.3332
2020-07-21,INFY,EQ,934.3,945.0,949.7,929.2,937.35,936.75,937.15,12877814,1206838320145000.0,209340,4740621,0.36810000000000004
2020-07-22,INFY,EQ,936.75,938.95,939.0,910.0,919.25,917.9,921.44,14354421,1322677428080000.0,191180,6908739,0.48130000000000006
2020-07-23,INFY,EQ,917.9,915.65,915.8,900.65,911.25,907.95,907.32,13052804,1184309705565000.0,203420,6886521,0.5276
2020-07-24,INFY,EQ,907.95,903.25,925.75,903.25,921.2,922.85,915.28,18209670,1666698975365000.0,240036,5807097,0.3189
2020-07-27,INFY,EQ,922.85,921.55,952.8,918.65,947.15,948.45,939.16,16828218,1580443667655000.0,278528,5906860,0.35100000000000003
2020-07-28,INFY,EQ,948.45,946.0,967.55,941.2,960.6,962.85,953.58,15819466,1508505837445000.0,220010,5480184,0.3464
2020-07-29,INFY,EQ,962.85,953.25,960.0,943.6,951.95,954.15,952.22,11152710,1061981780565000.0,212215,4338542,0.389
2020-07-30,INFY,EQ,954.15,962.0,972.65,958.75,962.15,961.45,965.59,12492569,1206274157670000.0,222807,5962965,0.4773
2020-07-31,INFY,EQ,961.45,969.25,986.45,953.3,967.75,966.0,971.12,12704359,1233742370770000.0,195979,3201880,0.252
2020-08-03,INFY,EQ,966.0,960.0,965.4,947.45,955.3,956.9,954.94,8480166,809807665140000.0,164566,4108547,0.48450000000000004
2020-08-04,INFY,EQ,956.9,960.45,970.7,940.55,952.0,949.85,949.99,11133259,1057651698620000.1,166839,5087564,0.457
2020-08-05,INFY,EQ,949.85,952.0,960.95,938.3,944.5,944.7,947.7,9616176,911322480475000.0,170591,4213200,0.43810000000000004
2020-08-06,INFY,EQ,944.7,953.5,974.4,942.5,972.0,970.85,962.12,10976523,1056077115820000.1,202937,4515915,0.4114
2020-08-07,INFY,EQ,970.85,969.45,969.45,949.0,951.65,950.9,955.24,8010973,765238995525000.0,159251,3116391,0.389
2020-08-10,INFY,EQ,950.9,948.9,956.8,945.3,950.55,951.35,952.75,5716472,544634290405000.0,102663,2546222,0.4454
2020-08-11,INFY,EQ,951.35,949.9,962.0,946.1,950.5,948.45,953.42,6802508,648567147465000.0,92778,2448032,0.35990000000000005
2020-08-12,INFY,EQ,948.45,948.0,958.8,942.2,952.85,954.95,950.21,6908732,656472327145000.0,89286,2560388,0.37060000000000004
2020-08-13,INFY,EQ,954.95,954.8,968.5,948.25,952.3,951.2,956.51,5097705,487602598420000.0,87144,1882537,0.3693
2020-08-14,INFY,EQ,951.2,955.85,963.0,952.05,954.5,953.6,957.2,4663873,446425739539999.94,88402,1975922,0.42369999999999997
2020-08-17,INFY,EQ,953.6,954.1,972.45,954.1,958.3,957.5,962.38,9008716,866976941979999.9,140270,2894495,0.32130000000000003
2020-08-18,INFY,EQ,957.5,963.9,969.2,958.7,967.1,967.55,964.28,6142171,592274420510000.0,119041,2806845,0.457
2020-08-19,INFY,EQ,967.55,970.9,971.55,957.45,960.0,959.3,963.05,6622744,637806610085000.0,125391,2957273,0.4465
2020-08-20,INFY,EQ,959.3,958.9,965.5,951.3,951.8,955.15,957.55,5656667,541653038370000.0,123695,2160695,0.38200000000000006
2020-08-21,INFY,EQ,955.15,963.05,963.45,946.55,949.8,948.8,951.89,6513784,620043548895000.0,123340,3987201,0.6121
2020-08-24,INFY,EQ,948.8,947.0,952.0,939.2,948.55,947.4,946.24,5798579,548681904535000.06,153799,2986383,0.515
2020-08-25,INFY,EQ,947.4,947.5,948.65,933.6,938.6,938.1,940.65,6233923,586392758980000.0,105761,3116528,0.4999
2020-08-26,INFY,EQ,938.1,941.25,954.25,938.4,953.5,950.8,945.03,5153663,487034960639999.94,114894,2282594,0.4429
2020-08-27,INFY,EQ,950.8,960.0,960.95,945.2,950.8,947.05,952.03,6154300,585910836445000.0,124639,2632139,0.4277
2020-08-28,INFY,EQ,947.05,951.45,952.5,933.05,935.05,935.25,940.5,7593988,714213478130000.0,180829,4654594,0.6129
2020-08-31,INFY,EQ,935.25,935.25,950.5,914.6,919.7,928.6,933.36,12808369,1195481184540000.0,206060,6793301,0.5304
2020-09-01,INFY,EQ,928.6,926.25,935.0,912.1,917.95,914.15,921.79,6907783,636750704755000.0,117189,3811587,0.5518
2020-09-02,INFY,EQ,914.15,915.0,926.4,913.5,923.6,924.0,920.9,5678696,522949320000000.0,105709,2441981,0.43
2020-09-03,INFY,EQ,924.0,926.5,949.4,924.0,935.2,935.55,937.36,8828016,827504970635000.0,130511,3361958,0.38079999999999997
2020-09-04,INFY,EQ,935.55,915.0,929.5,914.45,920.5,919.15,921.81,8650414,797407825095000.0,146258,4241995,0.4904
2020-09-07,INFY,EQ,919.15,918.9,927.55,913.05,925.55,925.05,921.27,6700450,617295217690000.0,101639,3112558,0.4645
2020-09-08,INFY,EQ,925.05,929.95,952.0,925.55,938.8,939.3,942.77,12892115,1215424739025000.0,200293,4736971,0.3674
2020-09-09,INFY,EQ,939.3,935.0,946.0,926.0,928.2,927.75,933.78,5529150,516303207650000.0,133068,2390850,0.4324
2020-09-10,INFY,EQ,927.75,935.3,942.0,924.8,939.65,940.05,934.08,5172091,483112243189999.94,101735,2082999,0.40270000000000006
2020-09-11,INFY,EQ,940.05,934.9,954.15,931.0,944.5,945.7,945.41,6672082,630786539575000.0,124065,2587438,0.38780000000000003
2020-09-14,INFY,EQ,945.7,957.0,991.05,948.3,975.0,978.4,976.06,21871591,2134791165975000.0,342353,7898631,0.3611
2020-09-15,INFY,EQ,978.4,979.5,994.0,971.65,981.4,982.45,982.27,11608223,1140237112865000.0,252665,4776790,0.4115
2020-09-16,INFY,EQ,982.45,986.0,1005.65,982.0,1001.8,1001.75,991.46,10059392,997347391620000.1,239939,4103847,0.408
2020-09-17,INFY,EQ,1001.75,995.0,1021.0,995.0,1011.0,1011.0,1010.52,15628308,1579276418570000.0,340784,7204674,0.461
2020-09-18,INFY,EQ,1011.0,1011.0,1018.8,999.1,1003.4,1002.15,1007.23,12897897,1299113201930000.0,228827,7647298,0.5929
2020-09-21,INFY,EQ,1002.15,1001.0,1031.0,1000.5,1007.0,1009.9,1019.34,14140790,1441422120050000.0,284118,5910877,0.418
2020-09-22,INFY,EQ,1009.9,1009.0,1022.5,991.2,1008.0,1007.5,1007.79,12625775,1272414844615000.0,307283,4743936,0.37570000000000003
2020-09-23,INFY,EQ,1007.5,1020.15,1037.0,1008.1,1019.85,1019.75,1024.08,13486274,1381098892325000.0,258509,4569223,0.33880000000000005
2020-09-24,INFY,EQ,1019.75,1003.0,1009.0,970.0,977.75,975.4,986.71,14427463,1423573843990000.0,273411,6468889,0.4484
2020-09-25,INFY,EQ,975.4,975.8,1014.9,975.0,1006.6,1011.45,998.29,13311079,1328835206175000.0,230269,5010827,0.3764
2020-09-28,INFY,EQ,1011.45,1014.8,1016.15,998.5,1010.9,1010.4,1004.87,8554583,859623460915000.0,165917,3569074,0.4172
2020-09-29,INFY,EQ,1010.4,1018.0,1028.0,1004.1,1013.85,1009.0,1016.65,8708572,885355812985000.0,184552,2763406,0.3173
2020-09-30,INFY,EQ,1009.0,1009.0,1023.95,1005.0,1006.0,1008.25,1011.93,8049899,814590848985000.0,141642,3906361,0.4853
2020-10-01,INFY,EQ,1008.25,1020.6,1026.5,1011.75,1018.7,1017.65,1016.4,5563432,565465074335000.0,122973,2805180,0.5042
2020-10-05,INFY,EQ,1017.65,1018.05,1054.9,1018.05,1047.6,1048.7,1043.67,14212560,1483322624660000.0,239001,6831622,0.4807
2020-10-06,INFY,EQ,1048.7,1055.0,1060.0,1031.35,1056.45,1055.75,1044.46,9090819,949498388360000.0,205608,4208832,0.46299999999999997
2020-10-07,INFY,EQ,1055.75,1044.9,1072.0,1035.5,1070.1,1066.55,1053.29,9284060,977882446940000.0,176585,4299670,0.4631
2020-10-08,INFY,EQ,1066.55,1090.0,1124.0,1088.4,1094.5,1093.7,1105.97,21483024,2375965674585000.0,386362,7155542,0.3331
2020-10-09,INFY,EQ,1093.7,1095.1,1113.3,1088.45,1111.2,1106.8,1100.16,10567955,1162642124695000.0,173995,4167784,0.3944
2020-10-12,INFY,EQ,1106.8,1123.0,1140.0,1112.1,1139.2,1132.1,1125.5,14633780,1647028264335000.0,191485,6083892,0.4157
2020-10-13,INFY,EQ,1132.1,1135.55,1166.05,1135.55,1160.0,1157.8,1149.41,17524137,2014249230775000.0,316392,6796788,0.3879
2020-10-14,INFY,EQ,1157.8,1162.0,1164.9,1131.1,1138.0,1137.0,1144.19,16649731,1905042894665000.2,279112,6334380,0.3804
2020-10-15,INFY,EQ,1137.0,1180.0,1186.0,1092.5,1113.25,1108.25,1128.17,44288566,4996512816380000.0,697193,7348874,0.1659
2020-10-16,INFY,EQ,1108.25,1113.85,1135.95,1096.9,1129.5,1127.5,1118.76,18366133,2054723750345000.0,311640,4373549,0.23809999999999998
2020-10-19,INFY,EQ,1127.5,1135.0,1139.0,1115.3,1127.55,1125.9,1125.0,12902146,1451495412660000.0,215472,7226329,0.5601
2020-10-20,INFY,EQ,1125.9,1118.9,1144.7,1110.0,1135.9,1137.5,1136.69,10448852,1187715584010000.0,209442,4993783,0.4779
2020-10-21,INFY,EQ,1137.5,1141.15,1154.35,1135.0,1146.75,1148.35,1147.11,19811809,2272633778825000.0,283354,13640245,0.6885
2020-10-22,INFY,EQ,1148.35,1142.0,1158.0,1123.8,1135.35,1129.05,1138.64,11271538,1283426605415000.0,264809,5439757,0.4826
2020-10-23,INFY,EQ,1129.05,1133.0,1135.0,1120.15,1122.4,1122.5,1125.55,9070121,1020889408315000.0,152888,4907723,0.5411
2020-10-26,INFY,EQ,1122.5,1122.25,1129.6,1103.15,1114.2,1112.45,1115.89,6309643,704084183020000.0,133779,2868270,0.4546
2020-10-27,INFY,EQ,1112.45,1105.7,1109.7,1077.15,1094.5,1090.85,1089.56,10172530,1108356240554999.9,261137,5201636,0.5113000000000001
2020-10-28,INFY,EQ,1090.85,1095.5,1104.75,1070.05,1077.5,1076.55,1086.0,7608413,826276120915000.0,180559,3307306,0.4347
2020-10-29,INFY,EQ,1076.55,1070.0,1082.0,1060.1,1073.0,1074.85,1071.68,6935804,743295572910000.0,140609,2710725,0.3908
2020-10-30,INFY,EQ,1074.85,1072.0,1083.6,1052.35,1060.4,1060.6,1064.99,8800436,937234222529999.9,164698,3197426,0.3633
2020-11-02,INFY,EQ,1060.6,1065.0,1079.95,1051.1,1068.7,1072.3,1066.94,7183119,766396160020000.0,137700,3553906,0.49479999999999996
2020-11-03,INFY,EQ,1072.3,1072.0,1079.4,1057.5,1062.0,1062.55,1066.37,7204782,768296316275000.0,172016,3503843,0.4863
2020-11-04,INFY,EQ,1062.55,1068.0,1116.0,1066.8,1094.75,1093.95,1097.09,15702690,1722727308159999.8,307084,5588325,0.35590000000000005
2020-11-05,INFY,EQ,1093.95,1109.9,1123.0,1099.0,1104.95,1104.0,1108.49,9568890,1060703796804999.9,181645,4762858,0.49770000000000003
2020-11-06,INFY,EQ,1104.0,1108.0,1121.1,1091.7,1119.0,1112.75,1101.98,8807127,970524312354999.9,154736,4236313,0.48100000000000004
2020-11-09,INFY,EQ,1112.75,1129.3,1146.0,1121.15,1135.1,1136.55,1133.25,10160320,1151416931770000.0,202222,4148739,0.4083
2020-11-10,INFY,EQ,1136.55,1113.85,1113.85,1078.0,1093.9,1091.05,1093.14,15622869,1707794118265000.0,395983,7600330,0.4865
2020-11-11,INFY,EQ,1091.05,1096.0,1126.35,1087.0,1123.5,1122.5,1108.04,12514800,1386692072470000.0,254701,5591969,0.44680000000000003
2020-11-12,INFY,EQ,1122.5,1128.1,1142.0,1113.75,1119.6,1117.75,1123.99,9180976,1031931097300000.0,196511,3958369,0.4311
2020-11-13,INFY,EQ,1117.75,1120.0,1133.0,1117.0,1123.45,1124.2,1124.07,6363212,715267571265000.0,105048,2589226,0.4069
2020-11-14,INFY,EQ,1124.2,1137.0,1139.65,1131.1,1134.0,1133.45,1134.22,1136144,128864051600000.0,41663,446947,0.3934
2020-11-17,INFY,EQ,1133.45,1144.75,1145.0,1112.65,1125.25,1123.7,1122.2,12813968,1437984209800000.0,190186,7463366,0.5824
2020-11-18,INFY,EQ,1123.7,1128.5,1132.7,1101.45,1111.25,1110.55,1111.01,9839468,1093176577850000.0,168106,6252183,0.6354
2020-11-19,INFY,EQ,1110.55,1100.0,1114.7,1093.8,1097.0,1096.75,1102.13,10092343,1112311024135000.0,179639,5447953,0.5398
2020-11-20,INFY,EQ,1096.75,1106.0,1109.0,1091.1,1104.45,1103.35,1101.92,8063554,888537712579999.9,199981,4002454,0.4964
2020-11-23,INFY,EQ,1103.35,1105.0,1144.8,1101.95,1138.5,1139.85,1128.46,10546363,1190115559405000.0,200221,4951543,0.46950000000000003
2020-11-24,INFY,EQ,1139.85,1145.0,1154.9,1133.35,1140.15,1140.05,1142.6,8515426,972974400985000.0,175511,2742945,0.3221
2020-11-25,INFY,EQ,1140.05,1137.0,1143.5,1111.25,1118.8,1115.65,1124.52,8958701,1007422365960000.0,220995,5048132,0.5635
2020-11-26,INFY,EQ,1115.65,1119.95,1119.95,1098.3,1118.0,1113.2,1105.6,10962256,1211990467630000.0,207324,5794530,0.5286
2020-11-27,INFY,EQ,1113.2,1118.0,1121.0,1091.0,1112.35,1100.0,1103.85,25306145,2793427772370000.0,238942,18969986,0.7495999999999999
2020-12-01,INFY,EQ,1100.0,1105.05,1140.25,1105.05,1137.05,1137.85,1129.13,8933802,1008746306204999.9,227850,4293005,0.4805
2020-12-02,INFY,EQ,1137.85,1134.0,1147.45,1121.0,1142.0,1140.9,1130.35,6741637,762042654250000.0,153925,2686601,0.3985
2020-12-03,INFY,EQ,1140.9,1147.0,1147.0,1122.7,1125.0,1126.45,1128.63,16212632,1829802222775000.0,247732,10480192,0.6464
2020-12-04,INFY,EQ,1126.45,1125.0,1137.0,1115.0,1134.5,1134.65,1127.86,10564055,1191472594845000.0,167778,5755999,0.5449
2020-12-07,INFY,EQ,1134.65,1147.3,1153.0,1136.0,1142.95,1143.5,1142.07,7792141,889918663629999.9,168273,4205599,0.5397
2020-12-08,INFY,EQ,1143.5,1145.0,1167.0,1145.0,1153.0,1153.35,1154.21,12308330,1420638760660000.0,272695,6171142,0.5014000000000001
2020-12-09,INFY,EQ,1153.35,1168.05,1179.5,1157.0,1176.55,1175.2,1169.97,10039346,1174577402115000.0,274494,5208984,0.5189
2020-12-10,INFY,EQ,1175.2,1157.4,1171.65,1150.0,1168.0,1167.75,1164.18,9488782,1104663508265000.0,295020,5527270,0.5825
2020-12-11,INFY,EQ,1167.75,1159.7,1171.95,1155.25,1165.2,1163.2,1163.84,10574009,1230650342955000.0,178023,7059725,0.6676000000000001
2020-12-14,INFY,EQ,1163.2,1169.4,1172.6,1148.2,1163.5,1164.55,1159.72,6728187,780280582350000.0,186990,3574438,0.5313
2020-12-15,INFY,EQ,1164.55,1156.0,1163.7,1152.0,1154.4,1154.6,1156.78,6905926,798866980350000.0,177326,3747407,0.5426
2020-12-16,INFY,EQ,1154.6,1160.0,1168.9,1153.6,1164.0,1165.7,1160.77,7788404,904053019500000.0,158579,4190351,0.538
2020-12-17,INFY,EQ,1165.7,1165.9,1168.9,1156.2,1158.6,1159.2,1162.88,6658153,774260194725000.0,204147,3675884,0.5521
2020-12-18,INFY,EQ,1159.2,1182.85,1195.0,1175.6,1186.0,1189.8,1187.95,15995676,1900208292170000.0,279675,7480210,0.4676
2020-12-21,INFY,EQ,1189.8,1188.0,1209.75,1152.05,1174.0,1177.3,1192.94,10858352,1295334775460000.0,246658,3829220,0.3527
2020-12-22,INFY,EQ,1177.3,1182.0,1223.85,1176.1,1219.95,1220.5,1200.28,10901851,1308521923500000.0,249518,4259458,0.3907
2020-12-23,INFY,EQ,1220.5,1238.0,1258.85,1230.55,1252.0,1253.05,1245.77,15878346,1978071323845000.0,277251,6867798,0.4325
2020-12-24,INFY,EQ,1253.05,1249.9,1249.9,1226.0,1237.35,1236.05,1236.34,7313885,904241562295000.1,172066,2637421,0.36060000000000003
2020-12-28,INFY,EQ,1236.05,1238.45,1248.0,1236.0,1239.45,1240.3,1240.58,4607051,571540646510000.0,123013,2098658,0.45549999999999996
2020-12-29,INFY,EQ,1240.3,1235.0,1254.45,1235.0,1249.85,1250.3,1246.33,6878105,857241967920000.0,132402,3219736,0.4681
2020-12-30,INFY,EQ,1250.3,1253.0,1253.3,1238.15,1244.0,1246.8,1247.48,5194690,648028300890000.0,107704,2378603,0.4579
2020-12-31,INFY,EQ,1246.8,1243.0,1258.4,1239.0,1253.5,1255.8,1249.41,7430470,928373180785000.0,117406,3974062,0.5347999999999999
2021-01-01,INFY,EQ,1255.8,1257.9,1265.5,1255.8,1259.5,1260.45,1261.66,4253550,536653040775000.0,97445,1089987,0.2563
2021-01-04,INFY,EQ,1260.45,1269.0,1290.0,1261.15,1288.0,1288.25,1278.28,7208454,921440032900000.0,189946,3343139,0.46380000000000005
2021-01-05,INFY,EQ,1288.25,1282.0,1299.0,1275.05,1290.35,1293.8,1289.82,8145280,1050596447435000.0,168537,3346702,0.41090000000000004
2021-01-06,INFY,EQ,1293.8,1300.0,1302.0,1268.05,1282.5,1282.1,1288.38,7161715,922697558229999.9,178942,2780840,0.3883
2021-01-07,INFY,EQ,1282.1,1296.0,1297.65,1255.5,1266.5,1262.15,1266.59,10954918,1387541612090000.0,236192,5389517,0.49200000000000005
2021-01-08,INFY,EQ,1262.15,1278.25,1316.8,1278.25,1311.5,1312.1,1298.1,13186251,1711701122465000.0,227983,5653372,0.42869999999999997
2021-01-11,INFY,EQ,1312.1,1342.1,1383.35,1340.0,1375.95,1376.2,1366.8,20528626,2805855492595000.0,387124,6434782,0.3135
2021-01-12,INFY,EQ,1376.2,1378.0,1378.0,1360.0,1376.5,1371.75,1369.78,8309868,1138271008805000.0,264378,3655022,0.43979999999999997
2021-01-13,INFY,EQ,1371.75,1373.85,1392.8,1360.0,1388.65,1387.15,1378.96,14442997,1991624343580000.0,304458,6490234,0.44939999999999997
2021-01-14,INFY,EQ,1387.15,1360.0,1384.0,1318.45,1370.5,1370.5,1359.34,27521697,3741121905540000.0,530803,10370390,0.3768
2021-01-15,INFY,EQ,1370.5,1360.0,1364.45,1340.0,1343.4,1344.95,1352.96,15018441,2031942354009999.8,278300,8103557,0.5396
2021-01-18,INFY,EQ,1344.95,1338.0,1340.0,1306.0,1311.0,1312.05,1320.52,8861765,1170214882235000.0,230056,3963352,0.4472
2021-01-19,INFY,EQ,1312.05,1320.0,1331.0,1312.0,1319.35,1316.65,1320.27,5585744,737469421610000.0,178275,2574937,0.461
2021-01-20,INFY,EQ,1316.65,1320.55,1348.4,1320.55,1338.85,1339.45,1338.37,8225838,1100922184575000.0,195330,3198588,0.38880000000000003
2021-01-21,INFY,EQ,1339.45,1350.0,1361.05,1335.0,1342.0,1339.7,1344.32,6142421,825735425780000.0,156050,3033502,0.4939
2021-01-22,INFY,EQ,1339.7,1327.0,1356.0,1326.55,1336.0,1340.85,1344.65,9646591,1297126102225000.0,188343,5913234,0.613
2021-01-25,INFY,EQ,1340.85,1345.0,1347.9,1313.0,1335.0,1325.1,1337.58,6542611,875127354685000.0,159466,3814914,0.5831000000000001
2021-01-27,INFY,EQ,1325.1,1319.6,1327.55,1285.1,1300.5,1301.0,1308.99,8133665,1064686126040000.0,285525,4665656,0.5736
2021-01-28,INFY,EQ,1301.0,1291.8,1296.45,1272.55,1276.5,1276.2,1283.02,4660690,597977497230000.0,212130,2338859,0.5018
2021-01-29,INFY,EQ,1276.2,1286.25,1291.15,1231.0,1250.0,1239.05,1253.29,12183519,1526943739485000.0,268406,8230671,0.6756000000000001
2021-02-01,INFY,EQ,1239.05,1250.55,1277.95,1241.0,1267.1,1260.9,1255.6,8880279,1115010443225000.0,232672,4479182,0.5044
2021-02-02,INFY,EQ,1260.9,1280.0,1294.4,1263.6,1275.5,1271.25,1275.19,6892490,878922315679999.9,168360,3386619,0.4913
2021-02-03,INFY,EQ,1271.25,1277.65,1304.0,1273.0,1285.0,1284.65,1289.14,8182968,1054900346365000.0,204774,4333962,0.5296000000000001
2021-02-04,INFY,EQ,1284.65,1285.0,1293.4,1272.05,1278.5,1279.35,1281.04,5032240,644648633145000.0,148262,2611651,0.519
2021-02-05,INFY,EQ,1279.35,1286.4,1288.75,1262.0,1273.0,1272.1,1270.01,5477481,695646841735000.0,176339,2774704,0.5065999999999999
2021-02-08,INFY,EQ,1272.1,1285.5,1310.0,1275.5,1310.0,1303.55,1292.02,6921922,894325291040000.0,198135,3121995,0.451
2021-02-09,INFY,EQ,1303.55,1306.9,1332.0,1297.85,1308.1,1305.55,1317.89,7965949,1049826984010000.0,168139,3091429,0.38810000000000006
2021-02-10,INFY,EQ,1305.55,1295.8,1304.35,1283.6,1297.0,1296.5,1293.4,5951207,769726566760000.0,175936,2693010,0.4525
2021-02-11,INFY,EQ,1296.5,1289.0,1296.0,1283.05,1292.2,1292.65,1289.54,4673317,602643886270000.0,128045,2707694,0.5794
2021-02-12,INFY,EQ,1292.65,1305.0,1323.75,1301.55,1312.0,1309.8,1312.31,5797875,760860080280000.0,142747,1168961,0.2016
2021-02-15,INFY,EQ,1309.8,1320.0,1328.4,1307.1,1312.0,1309.65,1317.42,4363513,574856187995000.0,143342,2047482,0.4692
2021-02-16,INFY,EQ,1309.65,1314.0,1319.75,1286.0,1294.5,1290.4,1298.05,6896421,895191899370000.1,285705,4050319,0.5872999999999999
2021-02-17,INFY,EQ,1290.4,1290.4,1294.5,1275.0,1280.5,1281.3,1283.76,4575741,587413358320000.0,142040,2084387,0.45549999999999996
2021-02-18,INFY,EQ,1281.3,1276.0,1306.0,1275.0,1289.35,1292.45,1291.86,6437551,831644582130000.0,178755,3406927,0.5292
2021-02-19,INFY,EQ,1292.45,1296.1,1299.5,1276.8,1293.0,1291.3,1288.37,5389696,694392460855000.0,129418,2864493,0.5315
2021-02-22,INFY,EQ,1291.3,1295.0,1308.55,1260.0,1264.15,1265.2,1282.74,7371303,945545693375000.0,205288,3748207,0.5085000000000001
2021-02-23,INFY,EQ,1265.2,1271.15,1291.0,1257.55,1268.0,1266.35,1270.87,6612942,840418198580000.0,237023,3539785,0.5353
2021-02-24,INFY,EQ,1266.35,1260.05,1276.6,1252.0,1272.7,1274.3,1265.24,4537258,574072700055000.0,125315,2383948,0.5254
2021-02-25,INFY,EQ,1274.3,1288.45,1299.75,1272.0,1275.0,1274.55,1283.44,8788221,1127913337575000.0,215308,5860547,0.6668999999999999
2021-02-26,INFY,EQ,1274.55,1269.0,1274.3,1244.75,1252.0,1253.3,1256.57,15132388,1901485654245000.0,296665,9161967,0.6055
2021-03-01,INFY,EQ,1253.3,1263.3,1284.5,1259.0,1271.0,1267.0,1271.66,5756286,732003730665000.0,133035,3344135,0.5810000000000001
2021-03-02,INFY,EQ,1267.0,1282.25,1310.0,1279.2,1308.6,1304.5,1294.56,10461434,1354292795510000.0,182506,6551888,0.6263000000000001
2021-03-03,INFY,EQ,1304.5,1319.2,1347.0,1308.0,1340.95,1343.55,1329.25,9056399,1203822265200000.0,189231,4897964,0.5408
2021-03-04,INFY,EQ,1343.55,1335.0,1363.85,1325.9,1334.6,1330.35,1343.22,12041941,1617496145180000.0,225028,5289423,0.4393
2021-03-05,INFY,EQ,1330.35,1328.5,1340.0,1305.05,1320.05,1316.7,1322.67,6486176,857907540440000.0,180930,3131285,0.4828
2021-03-08,INFY,EQ,1316.7,1324.8,1346.1,1317.2,1336.05,1335.75,1334.28,5119392,683069926180000.0,126809,2621080,0.512
2021-03-09,INFY,EQ,1335.75,1329.5,1350.45,1318.75,1344.0,1345.55,1334.21,6518173,869658449575000.0,144157,3617807,0.555
2021-03-10,INFY,EQ,1345.55,1356.9,1374.0,1355.0,1366.5,1368.15,1365.17,7925984,1082030408425000.0,177164,3965517,0.5003
2021-03-12,INFY,EQ,1368.15,1373.0,1391.7,1370.05,1375.3,1374.85,1381.13,9462061,1306837447910000.0,199285,6173518,0.6524
2021-03-15,INFY,EQ,1374.85,1370.0,1379.9,1358.5,1371.95,1373.6,1369.96,6658665,912208251575000.0,174194,3687770,0.5538000000000001
2021-03-16,INFY,EQ,1373.6,1386.05,1406.0,1380.5,1384.6,1384.0,1391.2,9352771,1301154302950000.0,230871,5151968,0.5508
2021-03-17,INFY,EQ,1384.0,1392.25,1400.0,1382.0,1387.1,1387.0,1392.47,7626744,1062002545600000.0,157640,3955892,0.5186999999999999
2021-03-18,INFY,EQ,1387.0,1393.75,1393.75,1313.5,1341.8,1337.1,1347.8,10961755,1477423443495000.0,298042,5544994,0.5058
2021-03-19,INFY,EQ,1337.1,1330.0,1355.2,1318.0,1347.15,1344.45,1340.27,12767112,1711133091285000.0,235459,6608143,0.5176
2021-03-22,INFY,EQ,1344.45,1350.1,1376.0,1336.1,1371.1,1370.8,1355.94,4862758,659360526520000.0,129112,2199710,0.4524
2021-03-23,INFY,EQ,1370.8,1372.45,1383.25,1359.6,1369.8,1371.55,1372.44,7165335,983399111585000.0,164495,4362930,0.6089
2021-03-24,INFY,EQ,1371.55,1357.85,1370.45,1346.25,1355.0,1353.75,1357.63,6134303,832813865225000.0,143327,3197000,0.5212
2021-03-25,INFY,EQ,1353.75,1346.75,1352.5,1327.6,1337.6,1333.8,1338.88,8749994,1171523122075000.0,184200,5246781,0.5996
2021-03-26,INFY,EQ,1333.8,1344.7,1356.7,1332.0,1338.7,1336.2,1340.61,4922071,659856452525000.0,138471,2501215,0.5082
2021-03-30,INFY,EQ,1336.2,1346.9,1400.0,1336.15,1386.5,1385.3,1373.99,10546919,1449135627780000.0,227944,5618355,0.5327000000000001
2021-03-31,INFY,EQ,1385.3,1382.0,1388.0,1363.3,1367.3,1368.05,1370.72,8220987,1126867750410000.0,218153,4107507,0.49960000000000004
2021-04-01,INFY,EQ,1368.05,1380.0,1391.6,1371.0,1386.0,1385.2,1382.72,5675155,784714879455000.0,146481,3176842,0.5598
2021-04-05,INFY,EQ,1385.2,1391.0,1425.0,1387.0,1415.0,1409.9,1406.84,9479572,1333627356495000.0,237018,3462914,0.3653
2021-04-06,INFY,EQ,1409.9,1423.0,1426.0,1406.45,1414.0,1411.05,1415.69,5793571,820189883990000.0,153955,2555430,0.4411
2021-04-07,INFY,EQ,1411.05,1410.25,1434.95,1406.6,1430.0,1430.2,1422.23,5879234,836160036755000.0,135633,2734437,0.4651
2021-04-08,INFY,EQ,1430.2,1430.0,1451.7,1421.0,1438.15,1439.85,1440.96,5654434,814778850925000.0,179859,2480903,0.4388
2021-04-09,INFY,EQ,1439.85,1455.0,1455.0,1430.05,1441.0,1441.05,1441.23,6052712,872337011165000.0,134860,2125177,0.3511
2021-04-12,INFY,EQ,1441.05,1474.0,1477.55,1415.0,1431.5,1425.75,1438.59,20384532,2932501271525000.0,477964,8931478,0.43810000000000004
2021-04-13,INFY,EQ,1425.75,1433.0,1435.25,1375.0,1402.85,1397.15,1394.92,14855206,2072181412959999.8,453578,6428451,0.43270000000000003
2021-04-15,INFY,EQ,1397.15,1332.3,1366.4,1320.0,1363.3,1360.75,1347.38,25342491,3414593565555000.0,678751,10516044,0.41500000000000004
2021-04-16,INFY,EQ,1360.75,1365.0,1370.85,1346.6,1348.1,1353.75,1358.97,10879878,1478539274235000.0,285474,5019567,0.46140000000000003
2021-04-19,INFY,EQ,1353.75,1340.0,1379.7,1332.35,1363.0,1362.55,1359.57,12508028,1700554710735000.0,260647,5617272,0.4491
2021-04-20,INFY,EQ,1362.55,1379.0,1379.0,1342.4,1349.0,1351.35,1357.18,8560766,1161846045640000.0,174560,4377456,0.5113000000000001
2021-04-22,INFY,EQ,1351.35,1355.55,1364.8,1345.15,1352.0,1351.1,1352.38,6622446,895608014204999.9,203956,3342474,0.5047
2021-04-23,INFY,EQ,1351.1,1343.0,1348.4,1331.0,1333.9,1333.8,1339.49,7316262,980008484240000.0,163801,4123289,0.5636
2021-04-26,INFY,EQ,1333.8,1332.25,1351.3,1321.0,1345.0,1343.55,1343.19,7088606,952136128720000.1,130375,4218129,0.5951
2021-04-27,INFY,EQ,1343.55,1346.0,1353.0,1340.15,1347.5,1348.5,1346.89,3636115,489744522405000.0,145974,1871084,0.5146000000000001
2021-04-28,INFY,EQ,1348.5,1358.0,1359.5,1344.6,1355.8,1356.0,1353.45,4879234,660377760205000.0,137376,2857134,0.5856
2021-04-29,INFY,EQ,1356.0,1368.0,1369.0,1351.4,1356.0,1356.35,1360.05,5412357,736109004740000.0,119277,3130945,0.5785
2021-04-30,INFY,EQ,1356.35,1346.3,1373.9,1345.9,1348.6,1354.35,1361.16,8354677,1137202778465000.0,131718,5408113,0.6473000000000001
2021-05-03,INFY,EQ,1354.35,1340.8,1361.0,1338.0,1349.0,1352.05,1350.88,4560337,616044867690000.0,126788,2748838,0.6028
2021-05-04,INFY,EQ,1352.05,1354.0,1354.95,1324.1,1331.0,1329.4,1339.98,4887060,654856537845000.0,158010,2857619,0.5847
2021-05-05,INFY,EQ,1329.4,1341.1,1343.9,1327.8,1343.0,1341.5,1337.33,3939788,526879424045000.0,113183,2118097,0.5376
2021-05-06,INFY,EQ,1341.5,1345.0,1364.7,1337.4,1359.15,1361.6,1354.33,4810090,651443206510000.0,128184,2458467,0.5111
2021-05-07,INFY,EQ,1361.6,1365.3,1373.05,1348.5,1352.7,1352.55,1357.23,4991435,677453980335000.0,146974,2716830,0.5443
2021-05-10,INFY,EQ,1352.55,1349.85,1352.9,1335.05,1339.9,1339.55,1341.13,7195348,964989378000000.0,160151,4685834,0.6512000000000001
2021-05-11,INFY,EQ,1339.55,1336.9,1341.0,1325.1,1332.05,1330.65,1330.0,6420988,853994515120000.0,201614,4122605,0.6421
2021-05-12,INFY,EQ,1330.65,1330.0,1330.0,1314.5,1327.6,1327.0,1323.46,5241898,693742727200000.0,143805,2933912,0.5597
2021-05-14,INFY,EQ,1327.0,1326.85,1326.85,1311.3,1320.0,1316.4,1316.25,4824609,635038700495000.0,180008,2680794,0.5557
2021-05-17,INFY,EQ,1316.4,1320.3,1334.95,1320.3,1328.55,1329.4,1329.34,5017129,666945854435000.0,118670,2842931,0.5666
2021-05-18,INFY,EQ,1329.4,1338.0,1344.6,1329.5,1338.75,1340.0,1338.06,5620150,752008125315000.0,135851,3553759,0.6323
2021-05-19,INFY,EQ,1340.0,1342.0,1357.45,1333.25,1334.65,1337.0,1344.41,4435878,596361780965000.0,135009,2099266,0.4732
2021-05-20,INFY,EQ,1337.0,1348.4,1349.1,1335.0,1341.95,1339.3,1340.8,4490092,602033029135000.0,111007,2585662,0.5759000000000001
2021-05-21,INFY,EQ,1339.3,1347.5,1357.5,1346.35,1356.0,1354.5,1351.75,4969733,671785634270000.0,153186,3292758,0.6626000000000001
2021-05-24,INFY,EQ,1354.5,1356.65,1363.0,1345.1,1349.0,1348.05,1352.41,4225371,571444195570000.0,108054,2718187,0.6433
2021-05-25,INFY,EQ,1348.05,1358.0,1368.0,1354.45,1364.0,1361.6,1361.92,4099340,558298459085000.06,129513,2523676,0.6156
2021-05-26,INFY,EQ,1361.6,1367.9,1400.0,1362.05,1395.0,1397.25,1386.91,6850024,950037845765000.0,174833,3555403,0.519
2021-05-27,INFY,EQ,1397.25,1404.2,1416.25,1391.7,1408.9,1402.25,1404.67,15365391,2158329799859999.8,250209,9964000,0.6485
2021-05-28,INFY,EQ,1402.25,1409.75,1414.0,1396.1,1407.7,1405.05,1406.44,4261312,599325943760000.0,106771,2093923,0.4914
2021-05-31,INFY,EQ,1405.05,1401.5,1401.5,1383.0,1395.0,1393.75,1393.13,4429904,617142611280000.0,145671,2372824,0.5356000000000001
2021-06-01,INFY,EQ,1393.75,1400.0,1401.0,1378.65,1388.95,1387.2,1385.0,4791325,663596492665000.0,180376,2947100,0.6151
2021-06-02,INFY,EQ,1387.2,1380.75,1391.95,1365.0,1381.0,1378.65,1374.91,9272276,1274851778725000.0,186335,5545823,0.5981000000000001
2021-06-03,INFY,EQ,1378.65,1388.1,1399.0,1377.05,1390.8,1389.65,1385.81,5115645,708931950630000.0,137141,2412413,0.47159999999999996
2021-06-04,INFY,EQ,1389.65,1393.95,1396.9,1377.65,1385.15,1385.65,1384.98,4194328,580907542680000.0,109532,2560752,0.6104999999999999
2021-06-07,INFY,EQ,1385.65,1391.0,1392.0,1377.3,1390.5,1389.65,1384.88,5154576,713848699540000.0,127520,3234781,0.6276
2021-06-08,INFY,EQ,1389.65,1396.0,1421.75,1395.55,1414.0,1412.95,1412.47,7360630,1039669847040000.0,188069,3748050,0.5092
2021-06-09,INFY,EQ,1412.95,1413.4,1425.0,1404.6,1415.0,1415.3,1415.72,5394317,763684652045000.0,137139,3283589,0.6087
2021-06-10,INFY,EQ,1415.3,1424.0,1429.0,1419.0,1424.25,1424.3,1423.55,3496575,497756108700000.0,121283,2254314,0.6447
2021-06-11,INFY,EQ,1424.3,1430.1,1451.6,1429.45,1446.05,1446.9,1443.02,6140828,886131692379999.9,173378,3646591,0.5938
2021-06-14,INFY,EQ,1446.9,1471.0,1477.0,1453.45,1460.0,1461.8,1463.12,7132294,1043543166100000.0,147667,3839693,0.5384000000000001
2021-06-15,INFY,EQ,1461.8,1464.0,1476.0,1463.0,1474.0,1473.9,1469.83,5403104,794163631820000.0,141422,3838503,0.7104
2021-06-16,INFY,EQ,1473.9,1472.7,1489.45,1467.5,1479.2,1480.6,1478.45,7661710,1132744406260000.0,162924,4968980,0.6485
2021-06-17,INFY,EQ,1480.6,1475.1,1502.65,1475.1,1501.2,1495.3,1487.78,7677951,1142311645810000.0,229654,5348161,0.6966
2021-06-18,INFY,EQ,1495.3,1509.0,1515.8,1487.4,1510.0,1503.3,1501.85,13533974,2032602966984999.8,240906,8120093,0.6
2021-06-21,INFY,EQ,1503.3,1493.0,1505.8,1484.2,1501.25,1500.3,1496.92,5454052,816427679815000.0,124524,3573308,0.6552
2021-06-22,INFY,EQ,1500.3,1509.7,1521.45,1502.1,1511.35,1511.85,1510.6,6427862,970991003104999.9,127430,4445029,0.6915000000000001
2021-06-23,INFY,EQ,1511.85,1525.0,1525.0,1498.65,1503.0,1503.15,1508.29,5529809,834055784165000.0,118288,3390584,0.6131000000000001
2021-06-24,INFY,EQ,1503.15,1517.0,1568.75,1511.2,1556.1,1559.2,1543.6,10785137,1664789222005000.0,263797,4248860,0.394
2021-06-25,INFY,EQ,1559.2,1572.0,1578.0,1543.0,1574.0,1574.2,1565.12,9780240,1530725249945000.0,192643,5825533,0.5956
2021-06-28,INFY,EQ,1574.2,1572.9,1580.15,1560.6,1569.1,1571.8,1570.82,5019178,788423790300000.0,136591,3354874,0.6684
2021-06-29,INFY,EQ,1571.8,1561.0,1573.65,1559.2,1562.0,1563.05,1564.66,5913567,925270041529999.9,197132,3844762,0.6502
2021-06-30,INFY,EQ,1563.05,1572.05,1591.0,1572.05,1580.0,1580.8,1582.44,6058722,958756298195000.1,167938,3226132,0.5325
2021-07-01,INFY,EQ,1580.8,1576.85,1576.85,1559.05,1561.95,1560.4,1565.56,4814317,753711236090000.0,150925,2996603,0.6224000000000001
2021-07-02,INFY,EQ,1560.4,1558.95,1569.45,1542.6,1566.2,1567.8,1555.25,5166064,803452001985000.0,136155,2950675,0.5712
2021-07-05,INFY,EQ,1567.8,1569.15,1585.0,1561.05,1583.65,1578.95,1572.73,4058338,638267890305000.0,123094,2344829,0.5778
2021-07-06,INFY,EQ,1578.95,1573.7,1586.75,1557.1,1561.0,1562.2,1575.11,4089574,644151770460000.0,120142,2272435,0.5557
2021-07-07,INFY,EQ,1562.2,1566.05,1570.55,1544.65,1562.5,1564.6,1560.32,4797120,748505445190000.0,143812,2626080,0.5474
2021-07-08,INFY,EQ,1564.6,1568.0,1576.0,1549.0,1560.4,1560.75,1559.79,3326813,518911822750000.0,158022,1738221,0.5225
2021-07-09,INFY,EQ,1560.75,1556.0,1569.9,1551.0,1564.9,1562.9,1562.12,3436594,536836210289999.94,125788,1653066,0.48100000000000004
2021-07-12,INFY,EQ,1562.9,1570.55,1578.0,1533.75,1547.0,1547.85,1558.59,4588982,715234163650000.0,145234,2493504,0.5434
2021-07-13,INFY,EQ,1547.85,1556.4,1556.4,1536.3,1545.5,1544.95,1542.74,4456160,687470770335000.0,177123,2947213,0.6614
2021-07-14,INFY,EQ,1544.95,1554.0,1582.8,1538.1,1577.4,1576.9,1565.34,5657716,885626142695000.1,169742,2104867,0.37200000000000005
2021-07-15,INFY,EQ,1576.9,1557.9,1596.85,1556.0,1579.85,1580.8,1581.74,10021355,1585120120715000.0,248472,3894143,0.3886
2021-07-16,INFY,EQ,1580.8,1573.75,1574.65,1549.6,1556.75,1555.45,1560.17,6265593,977537140379999.9,191620,3985874,0.6362
2021-07-19,INFY,EQ,1555.45,1544.7,1552.9,1537.55,1544.55,1541.7,1542.32,5669162,874364177875000.0,192818,4249320,0.7495
2021-07-20,INFY,EQ,1541.7,1538.3,1557.7,1538.0,1547.0,1550.05,1547.47,5069939,784555851900000.0,138422,3498740,0.6901
2021-07-22,INFY,EQ,1550.05,1561.4,1592.85,1561.4,1588.95,1590.2,1580.7,7854575,1241570769705000.0,233651,5679233,0.723
2021-07-23,INFY,EQ,1590.2,1588.55,1598.5,1585.05,1589.0,1590.45,1591.84,4179719,665343520145000.0,144421,2547957,0.6096
2021-07-26,INFY,EQ,1590.45,1594.1,1611.65,1594.1,1603.05,1603.9,1606.06,4586710,736652611060000.0,128901,2899200,0.6321
2021-07-27,INFY,EQ,1603.9,1605.0,1609.3,1597.9,1600.1,1602.55,1603.05,5892859,944656839385000.0,108822,4605215,0.7815000000000001
2021-07-28,INFY,EQ,1602.55,1605.1,1607.6,1585.5,1607.0,1605.6,1597.48,4686788,748705095055000.0,110822,3231462,0.6895
2021-07-29,INFY,EQ,1605.6,1600.1,1620.0,1600.1,1615.5,1617.0,1614.8,4660873,752637552185000.0,144550,2926321,0.6278
2021-07-30,INFY,EQ,1617.0,1610.0,1623.4,1606.15,1611.75,1610.5,1613.35,6234257,1005801636045000.1,136907,4485149,0.7194
2021-08-02,INFY,EQ,1610.5,1627.45,1634.75,1619.2,1632.0,1631.55,1627.56,5553389,903845077115000.0,123236,4318503,0.7776000000000001
2021-08-03,INFY,EQ,1631.55,1647.0,1658.65,1635.6,1657.0,1655.2,1645.86,5513668,907470395665000.0,140415,3887460,0.7051000000000001
2021-08-04,INFY,EQ,1655.2,1669.1,1679.9,1639.05,1648.55,1649.25,1653.26,6740391,1114360533060000.0,152430,4752601,0.7051000000000001
2021-08-05,INFY,EQ,1649.25,1649.5,1666.0,1647.05,1652.0,1653.55,1655.81,5420536,897540092700000.0,124049,3761486,0.6939000000000001
2021-08-06,INFY,EQ,1653.55,1657.0,1660.65,1644.0,1652.1,1650.2,1652.9,3754855,620640147715000.0,100454,2558438,0.6814
2021-08-09,INFY,EQ,1650.2,1661.0,1667.45,1646.4,1664.4,1663.3,1656.74,5018477,831430967750000.0,113096,3673439,0.7320000000000001
2021-08-10,INFY,EQ,1663.3,1668.0,1680.0,1661.05,1674.15,1677.25,1674.29,6846517,1146305843800000.0,135096,5175394,0.7559
2021-08-11,INFY,EQ,1677.25,1674.8,1684.0,1668.0,1675.1,1677.55,1676.0,4899639,821180850195000.0,149326,3586596,0.7320000000000001
2021-08-12,INFY,EQ,1677.55,1679.15,1696.5,1674.0,1684.95,1689.6,1687.65,5659579,955139936754999.9,152218,4217591,0.7452
2021-08-13,INFY,EQ,1689.6,1697.0,1722.5,1691.3,1713.95,1712.2,1707.76,5612790,958531872170000.1,144604,3335284,0.5942000000000001
2021-08-16,INFY,EQ,1712.2,1707.7,1719.95,1690.1,1702.95,1704.4,1703.86,4564109,777659906795000.0,181480,3300912,0.7232
2021-08-17,INFY,EQ,1704.4,1703.9,1748.9,1686.55,1737.4,1741.65,1730.04,9510390,1645334137400000.0,263393,6316007,0.6641
2021-08-18,INFY,EQ,1741.65,1729.0,1755.5,1727.0,1732.0,1733.45,1739.38,6686090,1162962331035000.0,193759,4490519,0.6716
2021-08-20,INFY,EQ,1733.45,1716.1,1745.0,1716.1,1729.5,1732.95,1734.19,6206972,1076408044854999.9,188065,3883003,0.6256
2021-08-23,INFY,EQ,1732.95,1735.75,1753.15,1732.0,1739.6,1738.75,1741.65,6189051,1077918629154999.9,170252,3872899,0.6258
2021-08-24,INFY,EQ,1738.75,1750.0,1757.0,1712.7,1721.5,1720.85,1729.85,7602939,1315198148980000.0,242564,5474553,0.7201000000000001
2021-08-25,INFY,EQ,1720.85,1718.0,1746.9,1718.0,1737.65,1735.55,1732.13,6153253,1065822827525000.0,140494,4174523,0.6784
2021-08-26,INFY,EQ,1735.55,1734.0,1746.0,1720.0,1723.4,1727.7,1734.31,5302248,919571683135000.0,114055,3452873,0.6512000000000001
2021-08-27,INFY,EQ,1727.7,1725.0,1727.7,1705.2,1707.5,1708.8,1713.26,6698514,1147630916395000.0,179152,4706891,0.7027
2021-08-30,INFY,EQ,1708.8,1703.05,1718.65,1690.4,1699.85,1698.05,1700.86,6559667,1115710392510000.0,295734,4621506,0.7045
2021-08-31,INFY,EQ,1698.05,1700.15,1715.0,1685.85,1713.0,1706.45,1700.72,12255438,2084302421359999.8,219156,7696964,0.628
2021-09-01,INFY,EQ,1706.45,1709.5,1709.5,1673.15,1677.05,1677.75,1684.25,7801974,1314048683500000.0,244163,5675014,0.7273999999999999
2021-09-02,INFY,EQ,1677.75,1677.35,1694.3,1662.65,1686.05,1689.1,1675.34,6830050,1144264948445000.0,258731,4566165,0.6685
2021-09-03,INFY,EQ,1689.1,1696.05,1705.95,1684.4,1700.5,1700.65,1698.12,5339139,906647536050000.0,210049,3764063,0.705
2021-09-06,INFY,EQ,1700.65,1705.15,1732.0,1699.35,1731.2,1730.4,1715.41,4876026,836439278620000.0,183161,3078091,0.6313000000000001
2021-09-07,INFY,EQ,1730.4,1730.0,1734.9,1704.0,1708.0,1706.65,1713.51,3520341,603214371095000.0,149711,2197436,0.6242
2021-09-08,INFY,EQ,1706.65,1700.85,1700.85,1682.95,1696.45,1693.25,1693.03,4584896,776234432440000.0,153873,2785831,0.6076
2021-09-09,INFY,EQ,1693.25,1685.9,1694.9,1682.15,1687.95,1691.6,1689.02,3331674,562724863600000.0,137087,1955364,0.5869
2021-09-13,INFY,EQ,1691.6,1683.0,1701.5,1675.2,1690.85,1691.9,1689.36,4662374,787643737830000.0,187031,3223515,0.6914
2021-09-14,INFY,EQ,1691.9,1695.95,1695.95,1678.6,1686.5,1686.15,1688.38,4945167,834929907640000.0,207112,3829313,0.7744
2021-09-15,INFY,EQ,1686.15,1693.25,1715.1,1690.2,1710.2,1711.45,1705.03,4062344,692643428300000.0,187441,2528172,0.6223
2021-09-16,INFY,EQ,1711.45,1715.2,1719.25,1691.45,1702.05,1702.25,1701.12,3246568,552281787630000.0,159668,2179368,0.6713
2021-09-17,INFY,EQ,1702.25,1697.0,1718.0,1684.45,1692.0,1691.3,1696.56,7454864,1264763262350000.0,123572,4936266,0.6622
2021-09-20,INFY,EQ,1691.3,1685.0,1707.7,1677.95,1687.4,1687.85,1695.88,5660743,959996433420000.1,136341,3898202,0.6886
2021-09-21,INFY,EQ,1687.85,1700.0,1726.75,1684.65,1717.7,1718.45,1707.5,4672222,797783867460000.0,138846,2854317,0.6109
2021-09-22,INFY,EQ,1718.45,1717.0,1738.9,1713.05,1715.65,1716.9,1727.0,4553892,786458645890000.0,162450,2565643,0.5634
2021-09-23,INFY,EQ,1716.9,1732.0,1745.0,1721.1,1742.1,1742.55,1733.04,3826090,663076971780000.0,151039,2542806,0.6646
2021-09-24,INFY,EQ,1742.55,1758.0,1788.0,1752.45,1763.8,1763.85,1772.2,8280446,1467457707585000.0,231499,4249574,0.5132
2021-09-27,INFY,EQ,1763.85,1768.75,1769.0,1718.1,1723.0,1721.15,1732.17,5045337,873937930520000.1,227547,3353897,0.6648000000000001
2021-09-28,INFY,EQ,1721.15,1710.0,1710.0,1675.0,1686.3,1687.1,1687.94,6557197,1106814687110000.0,321289,4432200,0.6759000000000001
2021-09-29,INFY,EQ,1687.1,1659.25,1701.4,1655.0,1688.55,1692.25,1683.09,7792548,1311558785725000.0,252164,5097015,0.6541
2021-09-30,INFY,EQ,1692.25,1703.0,1703.0,1670.1,1679.5,1675.2,1682.12,6914031,1163022553925000.0,155817,4013029,0.5804
2021-10-01,INFY,EQ,1675.2,1665.1,1678.95,1661.25,1665.6,1665.15,1670.32,5733906,957743106145000.1,166006,4139955,0.7220000000000001
2021-10-04,INFY,EQ,1665.15,1672.5,1688.0,1665.4,1681.9,1678.75,1678.53,2947154,494687297825000.0,122901,1900709,0.6448999999999999
2021-10-05,INFY,EQ,1678.75,1671.0,1702.95,1663.0,1691.7,1692.8,1677.62,4373310,733675114235000.0,174119,2453697,0.5611
2021-10-06,INFY,EQ,1692.8,1702.1,1709.0,1670.0,1672.65,1673.55,1682.79,4271698,718838518655000.0,168805,2859420,0.6694
2021-10-07,INFY,EQ,1673.55,1687.0,1704.2,1676.65,1690.35,1691.0,1693.19,5476108,927210776125000.0,142352,3855195,0.7040000000000001
2021-10-08,INFY,EQ,1691.0,1705.25,1731.5,1698.4,1723.85,1723.85,1719.42,4738376,814726143950000.0,223183,2484109,0.5243
2021-10-11,INFY,EQ,1723.85,1682.0,1730.0,1663.7,1693.0,1690.95,1698.64,8840633,1501702382095000.0,264208,4763503,0.5388000000000001
2021-10-12,INFY,EQ,1690.95,1677.0,1689.0,1662.0,1688.0,1685.15,1677.23,7439300,1247741605215000.0,258781,3823146,0.5139
2021-10-13,INFY,EQ,1685.15,1695.95,1713.65,1680.05,1705.0,1709.2,1697.94,7104171,1206245391435000.0,273495,4375894,0.616
2021-10-14,INFY,EQ,1709.2,1754.0,1783.6,1698.2,1714.0,1715.75,1738.12,19655776,3416400732725000.0,428428,9689787,0.493
2021-10-18,INFY,EQ,1715.75,1740.0,1799.0,1740.0,1798.0,1792.15,1770.72,13438109,2379510303490000.0,310783,9274584,0.6901999999999999
2021-10-19,INFY,EQ,1792.15,1814.0,1834.5,1782.3,1823.5,1822.15,1818.83,10324260,1877808711705000.0,236442,6341209,0.6142000000000001
2021-10-20,INFY,EQ,1822.15,1829.4,1848.0,1794.05,1797.4,1802.35,1819.25,5876115,1069013435179999.9,193075,3320472,0.5651
2021-10-21,INFY,EQ,1802.35,1814.0,1814.0,1746.85,1757.0,1753.65,1768.17,8779629,1552385157425000.0,227646,5699645,0.6492
2021-10-22,INFY,EQ,1753.65,1749.9,1763.2,1707.0,1717.85,1719.8,1728.28,7369809,1273709986485000.0,231471,4865170,0.6601
2021-10-25,INFY,EQ,1719.8,1722.05,1729.75,1687.2,1708.4,1707.55,1700.04,5905209,1003908067804999.9,175289,4000395,0.6774
